寫入日期,寫入時間,時制,中正圖書館,達賢圖書館,中正悅讀區_A,中正悅讀區_B,中正悅讀區_C
2024/10/16,2:09:22,AM,0,0,120,96,154
2024/10/16,2:10:20,AM,0,0,120,96,154
2024/10/16,8:00:05,AM,5,1,123,96,154
2024/10/16,9:00:08,AM,61,55,134,94,149
2024/10/16,10:00:06,AM,141,126,130,92,141
2024/10/16,11:00:06,AM,223,192,124,90,138
2024/10/16,12:00:06,PM,319,239,115,90,136
2024/10/16,1:00:06,PM,701,392,105,88,126
2024/10/16,2:00:06,PM,1010,603,85,82,115
2024/10/16,3:00:06,PM,1180,694,76,80,104
2024/10/16,4:00:06,PM,1363,754,87,83,107
2024/10/16,5:00:07,PM,1721,918,74,76,93
2024/10/16,6:00:07,PM,1883,992,86,77,102
2024/10/16,7:00:07,PM,2080,1082,85,81,111
2024/10/16,8:00:07,PM,2238,1157,79,74,108
2024/10/16,9:00:07,PM,2321,1176,68,72,98
2024/10/16,10:00:07,PM,2359,1180,55,64,96
2024/10/16,11:00:07,PM,2364,1180,85,80,119
2024/10/17,12:00:07,AM,2373,1180,106,91,139
2024/10/17,1:00:07,AM,0,0,116,96,154
2024/10/17,2:00:08,AM,1,0,134,96,154
2024/10/17,3:00:08,AM,1,0,137,96,154
2024/10/17,4:00:07,AM,1,0,139,96,154
2024/10/17,5:00:07,AM,3,0,137,96,154
2024/10/17,6:00:07,AM,3,0,136,96,154
2024/10/17,7:00:07,AM,3,0,133,96,154
2024/10/17,8:00:07,AM,4,0,128,96,154
2024/10/17,9:00:07,AM,73,46,135,92,147
2024/10/17,1:00:07,PM,736,408,102,81,124
2024/10/17,2:00:07,PM,995,570,88,82,110
2024/10/17,3:00:07,PM,1158,666,85,84,107
2024/10/17,4:00:07,PM,1361,762,79,82,108
2024/10/17,5:00:07,PM,1738,950,79,71,95
2024/10/17,6:00:07,PM,1944,1055,83,75,96
2024/10/17,7:00:07,PM,2127,1166,92,74,107
2024/10/17,8:00:07,PM,2275,1248,88,79,96
2024/10/17,9:00:07,PM,2342,1278,79,79,95
2024/10/17,10:00:07,PM,2377,1280,60,73,89
2024/10/17,11:00:06,PM,2386,1280,86,82,120
2024/10/18,12:00:06,AM,2388,1280,112,93,143
2024/10/18,1:00:06,AM,0,0,123,96,154
2024/10/18,2:00:06,AM,0,0,133,96,154
2024/10/18,3:00:06,AM,1,0,142,96,154
2024/10/18,4:00:06,AM,2,0,143,96,154
2024/10/18,5:00:06,AM,2,0,143,96,154
2024/10/18,6:00:06,AM,2,0,143,96,154
2024/10/18,7:00:06,AM,2,0,143,96,154
2024/10/18,8:00:06,AM,2,1,137,96,154
2024/10/18,9:00:06,AM,47,55,136,92,147
2024/10/18,10:00:06,AM,111,153,136,91,144
2024/10/18,11:00:06,AM,208,229,125,92,141
2024/10/18,12:00:06,PM,298,288,125,91,136
2024/10/18,1:00:06,PM,537,414,110,85,132
2024/10/18,2:00:06,PM,769,600,109,83,127
2024/10/18,3:00:06,PM,892,687,104,83,124
2024/10/18,4:00:06,PM,1042,742,99,84,120
2024/10/18,5:00:06,PM,1293,854,98,77,110
2024/10/18,6:00:06,PM,1434,939,94,80,113
2024/10/18,7:00:06,PM,1537,1007,89,80,121
2024/10/18,8:00:06,PM,1607,1070,92,80,119
2024/10/18,9:00:06,PM,1649,1084,89,84,121
2024/10/18,10:00:06,PM,1670,1089,97,87,122
2024/10/18,11:00:06,PM,1677,1089,114,94,130
2024/10/19,12:00:06,AM,1682,1089,140,96,153
2024/10/19,1:00:06,AM,0,0,145,96,154
2024/10/19,2:00:06,AM,0,0,145,96,154
2024/10/19,3:00:06,AM,0,0,145,96,154
2024/10/19,4:00:06,AM,0,0,145,96,154
2024/10/19,5:00:06,AM,0,0,145,96,154
2024/10/19,6:00:06,AM,0,0,146,96,154
2024/10/19,7:00:07,AM,0,0,146,96,154
2024/10/19,8:00:06,AM,0,0,146,96,154
2024/10/19,9:00:06,AM,0,61,146,96,154
2024/10/19,10:00:06,AM,0,188,146,96,154
2024/10/19,11:00:07,AM,0,326,146,96,154
2024/10/19,12:00:06,PM,0,452,146,96,154
2024/10/19,1:00:06,PM,0,664,146,96,154
2024/10/19,2:00:06,PM,0,931,146,96,154
2024/10/19,3:00:06,PM,0,1075,146,96,154
2024/10/19,4:00:06,PM,0,1187,146,96,154
2024/10/19,5:00:07,PM,0,1299,146,96,154
2024/10/19,6:00:06,PM,0,1401,146,96,154
2024/10/19,7:00:06,PM,0,1487,146,96,154
2024/10/19,8:00:06,PM,0,1548,146,96,154
2024/10/19,9:00:06,PM,0,1578,146,96,154
2024/10/19,10:00:06,PM,0,1585,146,96,154
2024/10/19,11:00:06,PM,0,1585,146,96,154
2024/10/20,12:00:06,AM,0,1585,146,96,154
2024/10/20,1:00:06,AM,0,0,146,96,154
2024/10/20,2:00:07,AM,0,0,146,96,154
2024/10/20,3:00:06,AM,0,0,146,96,154
2024/10/20,4:00:07,AM,0,0,146,96,154
2024/10/20,5:00:07,AM,0,0,146,96,154
2024/10/20,6:00:06,AM,0,0,146,96,154
2024/10/20,7:00:07,AM,0,0,146,96,154
2024/10/20,8:00:06,AM,0,0,146,96,154
2024/10/20,9:00:06,AM,0,0,146,96,154
2024/10/20,10:00:06,AM,0,0,146,96,154
2024/10/20,11:00:06,AM,0,0,146,96,154
2024/10/20,12:00:06,PM,0,0,146,96,154
2024/10/20,1:00:06,PM,0,0,146,96,154
2024/10/20,2:00:06,PM,0,0,146,96,154
2024/10/20,3:00:06,PM,0,0,146,96,154
2024/10/20,4:00:06,PM,0,0,146,96,154
2024/10/20,5:00:06,PM,0,0,146,96,154
2024/10/20,6:00:06,PM,0,0,146,96,154
2024/10/20,7:00:06,PM,0,0,146,96,154
2024/10/20,8:00:06,PM,0,0,146,96,154
2024/10/20,9:00:06,PM,0,0,146,96,154
2024/10/20,10:00:06,PM,0,0,146,96,154
2024/10/20,11:00:07,PM,0,0,146,96,154
2024/10/21,12:00:07,AM,0,0,146,96,154
2024/10/21,1:00:07,AM,0,0,146,96,154
2024/10/21,2:00:07,AM,0,0,146,96,154
2024/10/21,3:00:07,AM,0,0,146,96,154
2024/10/21,4:00:07,AM,0,0,146,96,154
2024/10/21,5:00:07,AM,0,0,146,96,154
2024/10/21,6:00:08,AM,0,0,146,96,154
2024/10/21,7:00:07,AM,0,0,146,96,154
2024/10/21,8:00:08,AM,0,2,146,96,154
2024/10/21,9:00:07,AM,80,60,141,95,151
2024/10/21,10:00:07,AM,189,172,128,93,144
2024/10/21,11:00:07,AM,337,285,114,88,133
2024/10/21,1:00:07,PM,667,512,123,85,128
2024/10/21,2:00:07,PM,860,689,103,84,116
2024/10/21,3:00:07,PM,989,807,92,82,112
2024/10/21,4:00:07,PM,1131,880,88,85,109
2024/10/21,5:00:07,PM,1564,1037,59,80,93
2024/10/21,6:00:07,PM,1789,1154,72,80,89
2024/10/21,7:00:07,PM,1988,1265,75,79,84
2024/10/21,8:00:08,PM,2169,1354,63,79,79
2024/10/21,9:00:06,PM,2258,1397,53,71,72
2024/10/21,10:00:06,PM,2303,1403,49,59,68
2024/10/21,11:00:07,PM,2318,1403,71,71,101
2024/10/22,12:00:06,AM,2325,1403,94,90,131
2024/10/22,1:00:06,AM,0,0,101,96,154
2024/10/22,2:00:06,AM,0,0,124,96,154
2024/10/22,3:00:06,AM,0,0,134,96,154
2024/10/22,4:00:06,AM,1,0,136,96,154
2024/10/22,5:00:06,AM,2,0,137,96,154
2024/10/22,6:00:06,AM,3,0,140,96,154
2024/10/22,7:00:06,AM,3,0,139,96,154
2024/10/22,8:00:06,AM,4,0,132,96,154
2024/10/22,9:00:06,AM,79,48,132,94,152
2024/10/22,10:00:06,AM,180,129,123,90,146
2024/10/22,11:00:06,AM,298,239,113,85,137
2024/10/22,12:00:06,PM,442,303,109,86,140
2024/10/22,1:00:06,PM,801,447,96,84,132
2024/10/22,2:00:06,PM,1166,699,89,78,110
2024/10/22,3:00:06,PM,1351,836,81,76,108
2024/10/22,4:00:06,PM,1528,933,94,80,111
2024/10/22,5:00:06,PM,1931,1091,60,75,85
2024/10/22,6:00:07,PM,2163,1185,63,73,101
2024/10/22,7:00:06,PM,2392,1277,59,69,95
2024/10/22,8:00:06,PM,2591,1367,57,66,81
2024/10/22,9:00:06,PM,2702,1399,55,60,76
2024/10/22,10:00:06,PM,2761,1404,38,49,64
2024/10/22,11:00:06,PM,2767,1404,81,63,103
2024/10/23,12:00:06,AM,2769,1404,96,80,130
2024/10/23,1:00:06,AM,0,0,110,96,154
2024/10/23,2:00:06,AM,1,0,125,96,154
2024/10/23,3:00:07,AM,3,0,129,96,154
2024/10/23,4:00:06,AM,3,0,134,96,154
2024/10/23,5:00:07,AM,4,0,133,96,154
2024/10/23,6:00:07,AM,5,0,133,96,154
2024/10/23,7:00:06,AM,5,0,136,96,154
2024/10/23,8:00:06,AM,5,0,135,96,153
2024/10/23,9:00:06,AM,61,74,139,95,152
2024/10/23,10:00:06,AM,131,172,131,91,150
2024/10/23,11:00:06,AM,264,254,123,88,142
2024/10/23,12:00:06,PM,355,321,122,90,142
2024/10/23,1:00:06,PM,709,458,96,85,130
2024/10/23,2:00:08,PM,1054,644,90,82,122
2024/10/23,3:00:06,PM,1245,744,66,79,109
2024/10/23,4:00:08,PM,1418,801,79,80,102
2024/10/23,5:00:06,PM,1767,929,66,70,87
2024/10/23,6:00:06,PM,1959,1005,72,81,91
2024/10/23,7:00:06,PM,2141,1127,72,88,98
2024/10/23,8:00:06,PM,2307,1239,70,84,94
2024/10/23,9:00:06,PM,2395,1258,60,76,87
2024/10/23,10:00:06,PM,2428,1261,45,72,72
2024/10/23,11:00:06,PM,2433,1261,80,79,94
2024/10/24,12:00:06,AM,2436,1261,107,93,138
2024/10/24,1:00:06,AM,0,0,112,96,154
2024/10/24,2:00:06,AM,0,0,125,96,154
2024/10/24,3:00:06,AM,0,0,132,96,154
2024/10/24,4:00:08,AM,0,0,138,96,154
2024/10/24,5:00:07,AM,1,0,139,96,154
2024/10/24,6:00:06,AM,1,0,140,96,154
2024/10/24,7:00:07,AM,1,0,141,96,154
2024/10/24,8:00:07,AM,1,1,137,96,154
2024/10/24,9:00:08,AM,64,53,140,95,150
2024/10/24,10:00:07,AM,158,132,131,92,144
2024/10/24,11:00:06,AM,277,182,113,91,141
2024/10/24,12:00:06,PM,370,236,115,92,136
2024/10/24,1:00:06,PM,738,369,93,86,127
2024/10/24,2:00:06,PM,1013,530,83,77,111
2024/10/24,4:00:08,PM,1334,662,91,69,106
2024/10/24,5:00:06,PM,1711,801,66,62,91
2024/10/24,6:00:07,PM,1926,873,78,65,102
2024/10/24,7:00:06,PM,2110,955,80,75,104
2024/10/24,8:00:06,PM,2211,1009,67,78,110
2024/10/24,9:00:06,PM,2282,1028,63,75,107
2024/10/24,10:00:06,PM,2319,1034,53,70,96
2024/10/24,11:00:07,PM,2323,1034,71,78,118
2024/10/25,12:00:07,AM,0,0,82,92,144
2024/10/25,1:00:07,AM,0,0,110,93,153
2024/10/25,2:00:06,AM,0,0,128,96,154
2024/10/25,3:00:07,AM,1,0,133,96,154
2024/10/25,4:00:07,AM,2,0,134,96,154
2024/10/25,5:00:07,AM,3,0,135,96,154
2024/10/25,6:00:06,AM,4,0,135,96,154
2024/10/25,7:00:07,AM,4,0,138,96,154
2024/10/25,8:00:07,AM,4,0,137,96,154
2024/10/25,9:00:07,AM,50,53,131,92,151
2024/10/25,10:00:06,AM,113,166,130,91,147
2024/10/25,11:00:07,AM,210,222,116,89,141
2024/10/25,12:00:07,PM,311,261,121,87,138
2024/10/25,1:00:07,PM,591,372,113,85,128
2024/10/25,2:00:08,PM,806,558,102,86,117
2024/10/25,3:00:06,PM,908,651,95,84,116
2024/10/25,4:00:07,PM,1060,737,99,82,120
2024/10/25,5:00:07,PM,1343,847,90,78,107
2024/10/25,6:00:07,PM,1468,919,98,81,116
2024/10/25,7:00:07,PM,1572,1022,103,84,121
2024/10/25,8:00:07,PM,1637,1081,86,82,124
2024/10/25,9:00:07,PM,1697,1105,84,85,122
2024/10/25,10:00:07,PM,1726,1114,71,83,121
2024/10/25,11:00:07,PM,1729,1114,95,88,137
2024/10/26,12:00:07,AM,0,0,107,94,149
2024/10/26,1:00:07,AM,0,0,119,96,153
2024/10/26,2:00:07,AM,0,0,128,96,154
2024/10/26,3:00:08,AM,0,0,135,96,154
2024/10/26,4:00:07,AM,0,0,139,96,154
2024/10/26,5:00:07,AM,0,0,141,96,154
2024/10/26,6:00:07,AM,0,0,142,96,154
2024/10/26,7:00:07,AM,0,0,143,96,154
2024/10/26,8:00:07,AM,1,0,144,95,154
2024/10/26,9:00:07,AM,19,47,137,94,152
2024/10/26,10:00:07,AM,73,156,123,92,149
2024/10/26,11:00:07,AM,142,252,113,88,142
2024/10/26,12:00:07,PM,260,376,108,88,139
2024/10/26,1:00:07,PM,331,498,95,86,135
2024/10/26,2:00:07,PM,438,749,86,84,119
2024/10/26,3:00:07,PM,536,836,73,79,109
2024/10/26,4:00:07,PM,618,903,68,74,112
2024/10/26,5:00:07,PM,718,940,68,71,108
2024/10/26,6:00:08,PM,780,1012,83,74,109
2024/10/26,7:00:08,PM,839,1070,94,74,116
2024/10/26,8:00:07,PM,907,1124,87,75,117
2024/10/26,9:00:07,PM,924,1159,89,76,117
2024/10/26,10:00:07,PM,936,1165,78,79,125
2024/10/26,11:00:07,PM,940,1165,94,86,139
2024/10/27,12:00:07,AM,0,0,112,93,152
2024/10/27,1:00:07,AM,0,0,121,96,154
2024/10/27,2:00:07,AM,0,0,131,96,154
2024/10/27,3:00:07,AM,0,0,136,96,154
2024/10/27,4:00:07,AM,0,0,138,96,154
2024/10/27,5:00:08,AM,1,0,139,96,154
2024/10/27,6:00:07,AM,1,0,141,96,154
2024/10/27,7:00:06,AM,1,0,142,96,154
2024/10/27,8:00:06,AM,2,0,137,96,154
2024/10/27,9:00:06,AM,32,0,131,96,151
2024/10/27,10:00:06,AM,107,0,120,93,145
2024/10/27,11:00:06,AM,207,0,101,85,136
2024/10/27,12:00:07,PM,282,0,93,85,125
2024/10/27,1:00:06,PM,426,0,82,80,115
2024/10/27,2:00:06,PM,633,0,67,67,98
2024/10/27,3:00:06,PM,787,0,56,61,76
2024/10/27,4:00:06,PM,901,0,45,55,72
2024/10/27,5:00:06,PM,1002,0,44,57,69
2024/10/27,6:00:07,PM,1103,0,53,63,67
2024/10/27,7:00:06,PM,1227,0,55,66,79
2024/10/27,8:00:07,PM,1307,0,59,72,96
2024/10/27,9:00:06,PM,1375,0,60,68,91
2024/10/27,10:00:06,PM,1401,0,57,70,109
2024/10/27,11:00:06,PM,1405,0,79,81,118
2024/10/28,12:00:06,AM,0,0,85,92,138
2024/10/28,1:00:06,AM,0,0,99,96,151
2024/10/28,2:00:06,AM,2,0,123,96,152
2024/10/28,3:00:06,AM,2,0,133,96,152
2024/10/28,4:00:06,AM,2,0,138,96,153
2024/10/28,5:00:06,AM,4,0,140,96,154
2024/10/28,6:00:07,AM,5,0,141,96,154
2024/10/28,7:00:06,AM,5,0,144,96,154
2024/10/28,8:00:06,AM,5,1,142,96,153
2024/10/28,9:00:06,AM,68,54,130,94,152
2024/10/28,10:00:06,AM,170,178,111,93,142
2024/10/28,11:00:06,AM,308,285,91,89,133
2024/10/28,12:00:06,PM,429,380,92,85,127
2024/10/28,1:00:06,PM,626,507,108,83,129
2024/10/28,2:00:06,PM,770,674,97,79,121
2024/10/28,3:00:06,PM,950,767,74,79,105
2024/10/28,4:00:07,PM,1144,856,66,81,101
2024/10/28,8:00:08,PM,2143,1275,35,41,61
2024/10/28,9:00:06,PM,2251,1298,21,36,47
2024/10/28,10:00:06,PM,2327,1308,35,41,53
2024/10/28,11:00:06,PM,2344,1308,75,74,86
2024/10/29,12:00:06,AM,2352,1308,79,87,125
2024/10/29,1:00:06,AM,0,0,91,92,139
2024/10/29,2:00:06,AM,0,0,113,94,147
2024/10/29,3:00:06,AM,1,0,128,96,151
2024/10/29,4:00:06,AM,1,0,131,96,152
2024/10/29,5:00:07,AM,2,0,133,96,154
2024/10/29,6:00:06,AM,5,0,132,96,154
2024/10/29,7:00:06,AM,5,0,131,96,154
2024/10/29,8:00:06,AM,6,1,132,96,154
2024/10/29,9:00:06,AM,71,76,135,93,151
2024/10/29,10:00:06,AM,162,151,128,89,145
2024/10/29,11:00:06,AM,273,217,116,85,134
2024/10/29,12:00:06,PM,433,274,105,85,131
2024/10/29,1:00:06,PM,817,418,86,75,124
2024/10/29,2:00:06,PM,1174,660,83,71,99
2024/10/29,3:00:06,PM,1382,763,69,69,81
2024/10/29,4:00:06,PM,1576,838,66,72,91
2024/10/29,5:00:06,PM,1984,1003,51,58,68
2024/10/29,6:00:06,PM,2184,1124,58,61,75
2024/10/29,7:00:07,PM,2423,1259,52,66,75
2024/10/29,8:00:07,PM,2660,1353,40,63,57
2024/10/29,9:00:06,PM,2756,1387,30,63,41
2024/10/29,10:00:07,PM,2830,1396,24,48,44
2024/10/29,11:00:07,PM,2856,1396,63,69,81
2024/10/30,12:00:06,AM,2867,1396,75,77,114
2024/10/30,1:00:06,AM,0,0,97,89,130
2024/10/30,2:00:06,AM,0,0,110,90,149
2024/10/30,3:00:06,AM,0,0,120,91,151
2024/10/30,4:00:07,AM,0,0,126,92,151
2024/10/30,5:00:07,AM,0,0,127,92,151
2024/10/30,6:00:07,AM,0,0,133,91,151
2024/10/30,7:00:06,AM,0,0,134,91,152
2024/10/30,8:00:06,AM,0,0,133,92,153
2024/10/30,9:00:06,AM,70,41,137,92,151
2024/10/30,10:00:06,AM,148,127,132,92,148
2024/10/30,11:00:07,AM,225,187,123,91,141
2024/10/30,12:00:06,PM,386,231,116,87,141
2024/10/30,1:00:07,PM,794,356,89,81,129
2024/10/30,3:00:07,PM,1280,651,74,74,100
2024/10/30,4:00:07,PM,1489,722,78,71,94
2024/10/30,5:00:07,PM,1794,841,78,71,88
2024/10/30,6:00:07,PM,1946,895,90,79,95
2024/10/30,7:00:06,PM,2126,976,86,83,91
2024/10/30,8:00:08,PM,2286,1062,71,74,84
2024/10/30,9:00:06,PM,2368,1079,81,75,82
2024/10/30,10:00:06,PM,2410,1081,84,79,89
2024/10/30,11:00:07,PM,2418,1081,110,88,127
2024/10/31,12:00:09,AM,0,0,122,96,145
2024/10/31,1:00:07,AM,0,0,145,96,152
2024/10/31,2:00:07,AM,1,0,146,96,154
2024/10/31,3:00:07,AM,1,0,146,96,154
2024/10/31,4:00:07,AM,1,0,146,96,154
2024/10/31,5:00:07,AM,1,0,146,96,154
2024/10/31,6:00:07,AM,1,0,146,96,154
2024/10/31,7:00:07,AM,1,0,146,96,154
2024/10/31,8:00:07,AM,1,0,146,96,154
2024/10/31,9:00:07,AM,1,0,146,96,154
2024/10/31,10:00:07,AM,1,0,146,96,154
2024/10/31,11:00:07,AM,1,0,146,96,154
2024/10/31,12:00:07,PM,1,0,146,96,154
2024/10/31,1:00:07,PM,1,0,146,96,154
2024/10/31,2:00:07,PM,1,0,146,96,154
2024/10/31,3:00:07,PM,1,0,146,96,154
2024/10/31,4:00:07,PM,1,0,146,96,154
2024/10/31,5:00:07,PM,1,0,146,96,154
2024/10/31,6:00:07,PM,1,0,146,96,154
2024/10/31,7:00:07,PM,1,0,146,96,154
2024/10/31,8:00:07,PM,1,0,146,96,154
2024/10/31,9:00:07,PM,1,0,146,96,154
2024/10/31,10:00:08,PM,1,0,146,96,154
2024/10/31,11:00:07,PM,1,0,146,96,154
2024/11/1,12:00:07,AM,1,0,146,96,154
2024/11/1,1:00:06,AM,0,0,146,96,154
2024/11/1,2:00:07,AM,0,0,146,96,154
2024/11/1,3:00:07,AM,0,0,146,96,154
2024/11/1,4:00:07,AM,0,0,146,96,154
2024/11/1,5:00:07,AM,0,0,146,96,154
2024/11/1,6:00:07,AM,0,0,146,96,154
2024/11/1,7:00:07,AM,0,0,146,96,154
2024/11/1,8:00:06,AM,0,2,146,96,154
2024/11/1,9:00:06,AM,58,78,142,94,151
2024/11/1,10:00:08,AM,144,139,133,93,141
2024/11/1,11:00:06,AM,284,203,117,91,128
2024/11/1,12:00:07,PM,450,270,109,94,125
2024/11/1,1:00:07,PM,737,369,96,89,118
2024/11/1,2:00:07,PM,995,559,94,89,106
2024/11/1,3:00:07,PM,1194,685,80,81,101
2024/11/1,4:00:07,PM,1369,769,81,75,91
2024/11/1,5:00:07,PM,1618,880,77,72,83
2024/11/1,6:00:07,PM,1768,951,77,77,89
2024/11/1,7:00:07,PM,1881,1047,86,76,90
2024/11/1,8:00:07,PM,1993,1104,68,72,94
2024/11/1,9:00:07,PM,2038,1131,65,73,87
2024/11/1,10:00:07,PM,2079,1134,65,72,98
2024/11/1,11:00:07,PM,2089,1134,86,85,122
2024/11/2,12:00:07,AM,2092,1134,101,91,144
2024/11/2,2:00:08,AM,0,0,127,95,153
2024/11/2,3:00:08,AM,0,0,132,96,154
2024/11/2,4:00:07,AM,0,0,136,96,154
2024/11/2,5:00:07,AM,1,0,137,96,154
2024/11/2,6:00:08,AM,1,0,139,96,154
2024/11/2,7:00:07,AM,1,0,138,96,154
2024/11/2,8:00:07,AM,1,0,136,96,153
2024/11/2,9:00:07,AM,29,90,133,95,152
2024/11/2,10:00:07,AM,102,228,122,92,147
2024/11/2,11:00:07,AM,187,346,109,88,144
2024/11/2,12:00:07,PM,267,431,105,85,137
2024/11/2,1:00:07,PM,398,574,93,84,121
2024/11/2,2:00:07,PM,563,775,77,79,106
2024/11/2,3:00:07,PM,677,923,72,74,91
2024/11/2,4:00:07,PM,772,1013,61,70,85
2024/11/2,5:00:07,PM,845,1073,66,69,79
2024/11/2,6:00:07,PM,937,1146,67,69,80
2024/11/2,7:00:07,PM,1040,1213,69,73,93
2024/11/2,8:00:07,PM,1146,1259,67,74,80
2024/11/2,9:00:07,PM,1211,1288,67,76,87
2024/11/2,10:00:06,PM,1244,1291,76,78,98
2024/11/2,11:00:06,PM,1264,1291,94,91,117
2024/11/3,12:00:06,AM,1272,1291,103,90,133
2024/11/3,1:00:06,AM,0,0,116,93,146
2024/11/3,2:00:06,AM,0,0,129,96,148
2024/11/3,3:00:06,AM,0,0,134,95,149
2024/11/3,4:00:07,AM,0,0,135,95,149
2024/11/3,5:00:07,AM,0,0,137,95,149
2024/11/3,6:00:07,AM,0,0,139,95,149
2024/11/3,7:00:06,AM,0,0,140,96,153
2024/11/3,8:00:06,AM,0,0,141,95,151
2024/11/3,9:00:06,AM,54,0,136,93,145
2024/11/3,10:00:06,AM,155,0,109,91,142
2024/11/3,11:00:06,AM,290,0,87,82,124
2024/11/3,12:00:06,PM,401,0,78,82,114
2024/11/3,1:00:06,PM,559,0,70,77,101
2024/11/3,2:00:06,PM,803,0,50,67,76
2024/11/3,3:00:06,PM,997,0,35,60,61
2024/11/3,4:00:06,PM,1146,0,31,49,49
2024/11/3,5:00:06,PM,1260,0,31,50,49
2024/11/3,6:00:06,PM,1379,0,33,55,63
2024/11/3,7:00:06,PM,1543,0,41,57,60
2024/11/3,8:00:06,PM,1710,0,48,55,63
2024/11/3,9:00:06,PM,1802,0,50,60,79
2024/11/3,10:00:06,PM,1862,0,60,72,82
2024/11/3,11:00:06,PM,1883,0,76,78,107
2024/11/4,12:00:06,AM,1896,0,92,83,125
2024/11/4,1:00:06,AM,0,0,103,88,135
2024/11/4,2:00:06,AM,0,0,115,92,144
2024/11/4,3:00:06,AM,0,0,124,93,148
2024/11/4,4:00:06,AM,0,0,126,96,148
2024/11/4,5:00:08,AM,1,0,126,96,149
2024/11/4,6:00:06,AM,1,0,130,96,149
2024/11/4,7:00:06,AM,1,0,135,96,151
2024/11/4,8:00:06,AM,4,0,127,95,149
2024/11/4,9:00:07,AM,89,59,113,92,143
2024/11/4,10:00:07,AM,216,183,104,86,126
2024/11/4,11:00:06,AM,442,273,78,83,112
2024/11/4,12:00:06,PM,600,369,80,83,106
2024/11/4,1:00:07,PM,844,519,98,81,105
2024/11/4,2:00:06,PM,1062,704,93,76,96
2024/11/4,3:00:06,PM,1273,824,81,78,87
2024/11/4,4:00:06,PM,1565,927,74,74,80
2024/11/4,5:00:06,PM,1990,1118,43,57,43
2024/11/4,6:00:06,PM,2196,1219,35,58,53
2024/11/4,7:00:06,PM,2465,1329,28,51,37
2024/11/4,8:00:06,PM,2726,1416,22,45,25
2024/11/4,9:00:06,PM,2865,1432,18,42,24
2024/11/4,10:00:06,PM,2940,1440,28,43,36
2024/11/4,11:00:06,PM,2977,1440,76,58,84
2024/11/5,12:00:06,AM,2996,1440,84,73,120
2024/11/5,1:00:06,AM,0,0,103,84,132
2024/11/5,2:00:06,AM,0,0,115,90,145
2024/11/5,3:00:06,AM,0,0,125,91,145
2024/11/5,4:00:06,AM,0,0,128,93,148
2024/11/5,5:00:06,AM,0,0,129,93,150
2024/11/5,6:00:06,AM,0,0,128,93,149
2024/11/5,7:00:06,AM,0,1,126,93,150
2024/11/5,8:00:06,AM,0,1,125,90,149
2024/11/5,9:00:06,AM,98,40,132,92,145
2024/11/5,10:00:06,AM,207,123,121,90,136
2024/11/5,11:00:06,AM,436,198,103,89,131
2024/11/5,12:00:06,PM,720,285,95,87,122
2024/11/5,1:00:06,PM,1141,462,93,77,106
2024/11/5,2:00:06,PM,1442,646,77,74,94
2024/11/5,3:00:07,PM,1737,766,56,69,79
2024/11/5,4:00:06,PM,1978,878,61,68,80
2024/11/5,5:00:08,PM,2358,1019,51,58,69
2024/11/5,6:00:06,PM,2599,1114,50,63,79
2024/11/5,7:00:06,PM,2879,1247,38,56,66
2024/11/5,8:00:06,PM,3129,1328,34,49,56
2024/11/5,9:00:07,PM,3250,1350,35,47,43
2024/11/5,10:00:07,PM,3325,1360,36,61,60
2024/11/5,11:00:07,PM,3357,1360,67,77,96
2024/11/6,12:00:07,AM,3377,1360,82,87,116
2024/11/6,1:00:07,AM,0,0,101,91,126
2024/11/6,2:00:07,AM,0,0,109,93,136
2024/11/6,3:00:07,AM,0,0,119,93,139
2024/11/6,4:00:07,AM,0,0,123,93,146
2024/11/6,5:00:06,AM,1,0,125,95,148
2024/11/6,6:00:07,AM,1,0,129,95,148
2024/11/6,7:00:07,AM,1,0,130,95,148
2024/11/6,8:00:07,AM,4,0,122,92,149
2024/11/6,9:00:06,AM,96,44,130,94,149
2024/11/6,10:00:06,AM,202,124,131,92,147
2024/11/6,11:00:07,AM,443,225,104,91,132
2024/11/6,12:00:06,PM,668,300,95,86,132
2024/11/6,1:00:06,PM,1022,454,86,84,120
2024/11/6,3:00:07,PM,1555,751,61,76,93
2024/11/6,4:00:07,PM,1872,849,66,73,74
2024/11/6,5:00:07,PM,2203,980,56,70,66
2024/11/6,6:00:07,PM,2404,1105,69,74,75
2024/11/6,7:00:07,PM,2590,1205,67,74,79
2024/11/6,8:00:07,PM,2803,1287,58,75,72
2024/11/6,9:00:07,PM,2918,1322,47,70,75
2024/11/6,10:00:08,PM,3009,1330,47,56,93
2024/11/6,11:00:07,PM,3045,1330,90,71,106
2024/11/7,12:00:08,AM,3059,1330,94,81,123
2024/11/7,1:00:07,AM,0,0,107,86,131
2024/11/7,2:00:07,AM,0,0,121,90,140
2024/11/7,3:00:07,AM,0,0,131,92,145
2024/11/7,4:00:08,AM,0,0,135,92,150
2024/11/7,5:00:07,AM,1,0,134,92,151
2024/11/7,6:00:07,AM,1,0,131,92,152
2024/11/7,7:00:07,AM,1,0,135,92,150
2024/11/7,8:00:07,AM,3,1,127,93,149
2024/11/7,9:00:07,AM,95,49,136,95,149
2024/11/7,10:00:07,AM,172,109,125,94,140
2024/11/7,11:00:07,AM,323,184,108,88,124
2024/11/7,12:00:07,PM,490,255,104,87,121
2024/11/7,1:00:10,PM,893,382,86,80,122
2024/11/7,2:00:07,PM,1166,580,93,82,104
2024/11/7,3:00:07,PM,1395,709,78,77,93
2024/11/7,4:00:07,PM,1592,802,79,74,95
2024/11/7,5:00:07,PM,1941,966,74,68,88
2024/11/7,6:00:07,PM,2121,1073,84,71,87
2024/11/7,7:00:07,PM,2306,1184,75,73,87
2024/11/7,8:00:07,PM,2499,1260,73,75,76
2024/11/7,9:00:08,PM,2585,1291,67,68,83
2024/11/7,10:00:11,PM,2656,1296,68,63,86
2024/11/7,11:00:06,PM,2681,1296,96,78,104
2024/11/8,12:00:06,AM,2694,1296,105,87,129
2024/11/8,1:00:06,AM,0,0,107,90,138
2024/11/8,2:00:06,AM,1,0,121,93,146
2024/11/8,3:00:06,AM,1,0,130,95,148
2024/11/8,4:00:07,AM,2,0,134,94,148
2024/11/8,5:00:06,AM,2,0,134,94,148
2024/11/8,6:00:07,AM,2,0,136,94,148
2024/11/8,7:00:07,AM,2,0,132,94,147
2024/11/8,8:00:06,AM,2,2,127,94,146
2024/11/8,9:00:06,AM,73,88,133,94,147
2024/11/8,10:00:06,AM,166,203,130,92,147
2024/11/8,11:00:06,AM,302,276,120,90,140
2024/11/8,12:00:06,PM,454,339,114,89,133
2024/11/8,1:00:06,PM,706,448,109,90,132
2024/11/8,2:00:06,PM,920,601,111,87,129
2024/11/8,3:00:06,PM,1067,732,110,84,126
2024/11/8,4:00:06,PM,1199,823,104,81,129
2024/11/8,5:00:07,PM,1415,945,102,81,128
2024/11/8,6:00:06,PM,1516,1010,108,80,132
2024/11/8,7:00:06,PM,1600,1075,113,82,133
2024/11/8,8:00:06,PM,1664,1119,116,82,132
2024/11/8,9:00:06,PM,1702,1134,119,82,132
2024/11/8,10:00:07,PM,1723,1139,103,85,132
2024/11/8,11:00:06,PM,1727,1139,114,87,138
2024/11/9,12:00:06,AM,1731,1139,119,90,148
2024/11/9,1:00:06,AM,0,0,119,96,153
2024/11/9,2:00:06,AM,0,0,132,96,154
2024/11/9,3:00:07,AM,0,0,135,96,154
2024/11/9,4:00:06,AM,0,0,139,96,154
2024/11/9,5:00:06,AM,0,0,140,96,154
2024/11/9,6:00:06,AM,0,0,140,96,154
2024/11/9,7:00:06,AM,0,0,140,96,154
2024/11/9,8:00:06,AM,0,0,140,96,154
2024/11/9,9:00:07,AM,27,27,140,94,152
2024/11/9,10:00:06,AM,56,92,137,91,146
2024/11/9,11:00:08,AM,92,213,129,90,143
2024/11/9,12:00:06,PM,134,293,121,88,141
2024/11/9,1:00:06,PM,193,394,115,85,135
2024/11/9,2:00:06,PM,278,578,112,85,135
2024/11/9,3:00:06,PM,343,699,104,82,133
2024/11/9,4:00:07,PM,379,802,101,81,126
2024/11/9,5:00:06,PM,439,887,102,84,125
2024/11/9,6:00:06,PM,507,947,105,83,121
2024/11/9,7:00:06,PM,569,1019,99,82,122
2024/11/9,8:00:07,PM,610,1070,98,83,120
2024/11/9,9:00:06,PM,644,1088,90,81,116
2024/11/9,10:00:06,PM,654,1093,87,82,117
2024/11/9,11:00:06,PM,655,1093,109,91,123
2024/11/10,12:00:06,AM,655,1093,117,93,136
2024/11/10,1:00:06,AM,0,0,124,96,154
2024/11/10,2:00:06,AM,0,0,133,96,154
2024/11/10,3:00:06,AM,0,0,139,96,154
2024/11/10,4:00:06,AM,0,0,140,95,154
2024/11/10,5:00:07,AM,0,0,140,95,154
2024/11/10,6:00:06,AM,0,0,138,96,154
2024/11/10,7:00:06,AM,0,0,139,96,154
2024/11/10,8:00:06,AM,0,0,140,96,154
2024/11/10,9:00:06,AM,27,0,139,93,152
2024/11/10,10:00:06,AM,79,0,135,91,144
2024/11/10,11:00:06,AM,157,0,122,89,136
2024/11/10,12:00:06,PM,234,0,113,87,127
2024/11/10,1:00:06,PM,317,1,106,85,124
2024/11/10,2:00:06,PM,442,1,91,78,112
2024/11/10,4:00:06,PM,617,1,79,74,89
2024/11/10,5:00:06,PM,711,1,80,75,86
2024/11/10,6:00:06,PM,784,1,83,77,83
2024/11/10,7:00:08,PM,883,1,88,79,92
2024/11/10,8:00:07,PM,983,1,83,76,91
2024/11/10,9:00:06,PM,1034,1,80,74,91
2024/11/10,10:00:06,PM,1065,1,71,75,91
2024/11/10,11:00:06,PM,1069,1,81,84,117
2024/11/11,12:00:06,AM,1071,1,91,89,133
2024/11/11,1:00:07,AM,0,0,103,95,154
2024/11/11,2:00:06,AM,1,0,119,96,154
2024/11/11,3:00:06,AM,1,0,125,96,154
2024/11/11,4:00:07,AM,1,0,132,96,154
2024/11/11,5:00:07,AM,1,0,133,96,154
2024/11/11,6:00:06,AM,2,0,134,96,154
2024/11/11,7:00:08,AM,2,0,133,96,154
2024/11/11,8:00:06,AM,2,0,132,96,154
2024/11/11,9:00:06,AM,50,46,132,94,150
2024/11/11,10:00:06,AM,146,138,122,92,135
2024/11/11,11:00:06,AM,252,220,107,86,129
2024/11/11,12:00:06,PM,364,281,102,85,125
2024/11/11,1:00:06,PM,557,374,106,82,125
2024/11/11,2:00:06,PM,741,500,92,79,119
2024/11/11,4:00:07,PM,1082,661,90,76,98
2024/11/11,5:00:08,PM,1407,785,82,80,89
2024/11/11,6:00:07,PM,1568,877,76,78,96
2024/11/11,7:00:07,PM,1758,975,76,75,83
2024/11/11,8:00:06,PM,1923,1062,63,64,69
2024/11/11,9:00:06,PM,2018,1094,46,58,64
2024/11/11,10:00:07,PM,2083,1103,31,53,51
2024/11/11,11:00:07,PM,2086,1103,51,70,75
2024/11/12,12:00:07,AM,2089,1103,82,84,109
2024/11/12,1:00:06,AM,0,0,76,96,150
2024/11/12,2:00:08,AM,2,0,100,96,152
2024/11/12,3:00:07,AM,2,0,119,96,152
2024/11/12,4:00:07,AM,2,0,128,96,152
2024/11/12,5:00:07,AM,5,0,128,96,152
2024/11/12,6:00:07,AM,7,0,128,96,152
2024/11/12,7:00:07,AM,7,0,129,96,152
2024/11/12,8:00:07,AM,7,0,122,96,152
2024/11/12,9:00:07,AM,60,50,127,93,143
2024/11/12,10:00:07,AM,132,113,123,89,140
2024/11/12,11:00:08,AM,248,181,112,87,132
2024/11/12,12:00:07,PM,351,220,112,85,129
2024/11/12,1:00:07,PM,724,352,101,78,121
2024/11/12,2:00:07,PM,1023,574,97,81,110
2024/11/12,3:00:07,PM,1185,674,94,79,104
2024/11/12,4:00:07,PM,1385,759,87,79,95
2024/11/12,5:00:07,PM,1764,905,69,76,84
2024/11/12,6:00:07,PM,1943,1008,71,77,92
2024/11/12,7:00:07,PM,2132,1124,71,75,95
2024/11/12,8:00:07,PM,2308,1215,64,67,87
2024/11/12,9:00:07,PM,2416,1237,51,68,77
2024/11/12,10:00:07,PM,2476,1240,38,63,62
2024/11/12,11:00:07,PM,2488,1240,72,76,88
2024/11/13,12:00:07,AM,2490,1240,82,90,133
2024/11/13,1:00:07,AM,0,0,95,96,152
2024/11/13,2:00:07,AM,0,0,117,96,152
2024/11/13,3:00:07,AM,0,0,131,96,152
2024/11/13,4:00:06,AM,0,0,137,96,152
2024/11/13,5:00:06,AM,2,0,138,96,152
2024/11/13,6:00:06,AM,3,0,141,96,152
2024/11/13,7:00:06,AM,3,0,137,96,152
2024/11/13,8:00:06,AM,4,0,132,96,152
2024/11/13,9:00:06,AM,71,48,133,95,148
2024/11/13,10:00:06,AM,135,126,131,96,142
2024/11/13,11:00:06,AM,250,188,123,95,139
2024/11/13,12:00:06,PM,376,256,122,94,135
2024/11/13,1:00:06,PM,782,397,110,92,125
2024/11/13,2:00:06,PM,1098,584,110,90,129
2024/11/13,3:00:06,PM,1320,692,103,89,119
2024/11/13,4:00:06,PM,1563,776,98,89,115
2024/11/13,5:00:06,PM,1920,877,96,84,104
2024/11/13,6:00:06,PM,2096,972,84,82,98
2024/11/13,7:00:06,PM,2276,1069,84,84,108
2024/11/13,8:00:06,PM,2394,1136,81,82,100
2024/11/13,9:00:06,PM,2460,1155,66,85,98
2024/11/13,10:00:06,PM,2499,1160,43,72,85
2024/11/13,11:00:06,PM,2514,1160,69,80,100
2024/11/14,12:00:08,AM,2521,1160,80,93,131
2024/11/14,1:00:08,AM,0,0,93,96,149
2024/11/14,2:00:07,AM,2,0,114,96,152
2024/11/14,3:00:09,AM,2,0,119,96,152
2024/11/14,4:00:09,AM,2,0,124,96,152
2024/11/14,5:00:09,AM,4,0,126,96,152
2024/11/14,6:00:07,AM,4,0,129,96,152
2024/11/14,7:00:07,AM,4,0,133,96,152
2024/11/14,8:00:07,AM,4,0,127,96,152
2024/11/14,9:00:10,AM,76,42,131,93,149
2024/11/14,10:00:06,AM,172,103,129,90,143
2024/11/14,11:00:07,AM,294,175,124,88,138
2024/11/14,12:00:06,PM,430,232,116,89,131
2024/11/14,1:00:07,PM,805,370,97,88,113
2024/11/14,3:00:06,PM,1156,638,92,82,111
2024/11/14,4:00:06,PM,1350,720,98,79,113
2024/11/14,5:00:07,PM,1458,897,88,75,104
2024/11/14,6:00:07,PM,1458,964,88,78,116
2024/11/14,7:00:06,PM,1458,1060,82,78,131
2024/11/14,8:00:06,PM,1458,1119,88,84,125
2024/11/14,9:00:07,PM,1458,1142,85,82,119
2024/11/14,10:00:06,PM,1458,1144,70,84,108
2024/11/14,11:00:07,PM,1458,1144,76,90,125
2024/11/15,12:00:07,AM,1458,1144,87,96,138
2024/11/15,1:00:07,AM,0,0,107,96,152
2024/11/15,2:00:07,AM,0,0,126,96,152
2024/11/15,3:00:10,AM,0,0,130,96,152
2024/11/15,4:00:09,AM,0,0,130,96,152
2024/11/15,5:00:08,AM,0,0,133,96,152
2024/11/15,6:00:10,AM,0,0,135,96,152
2024/11/15,7:00:09,AM,0,0,137,96,152
2024/11/15,8:00:08,AM,0,0,138,96,152
2024/11/15,9:00:07,AM,0,49,136,95,146
2024/11/15,10:00:07,AM,0,156,139,95,148
2024/11/15,11:00:07,AM,0,231,140,95,148
2024/11/15,12:00:07,PM,75,300,142,96,148
2024/11/15,1:00:07,PM,326,417,108,91,134
2024/11/15,2:00:07,PM,502,561,102,88,127
2024/11/15,3:00:07,PM,652,697,98,84,120
2024/11/15,4:00:07,PM,771,775,100,83,119
2024/11/15,5:00:07,PM,978,878,100,84,123
2024/11/15,6:00:07,PM,1075,955,106,86,123
2024/11/15,7:00:07,PM,1166,1063,115,89,121
2024/11/15,8:00:07,PM,1243,1116,115,89,121
2024/11/15,9:00:07,PM,1268,1127,106,88,124
2024/11/15,10:00:07,PM,1283,1130,95,87,132
2024/11/15,11:00:07,PM,1285,1130,111,90,144
2024/11/16,12:00:07,AM,1286,1130,120,95,150
2024/11/16,1:00:07,AM,0,0,135,96,152
2024/11/16,2:00:07,AM,0,0,141,96,152
2024/11/16,3:00:07,AM,0,0,142,96,152
2024/11/16,4:00:07,AM,0,0,142,96,152
2024/11/16,5:00:07,AM,2,0,142,96,152
2024/11/16,6:00:07,AM,2,0,142,96,152
2024/11/16,7:00:07,AM,2,0,143,96,152
2024/11/16,8:00:07,AM,2,0,144,96,152
2024/11/16,9:00:07,AM,31,72,139,96,150
2024/11/16,10:00:07,AM,92,152,134,96,147
2024/11/16,11:00:07,AM,160,285,127,91,144
2024/11/16,12:00:06,PM,206,361,121,90,144
2024/11/16,1:00:06,PM,270,509,110,88,142
2024/11/16,2:00:06,PM,365,670,111,88,129
2024/11/16,3:00:06,PM,438,805,109,85,124
2024/11/16,4:00:06,PM,487,884,108,84,123
2024/11/16,5:00:06,PM,531,960,107,84,125
2024/11/16,6:00:06,PM,586,1013,103,85,126
2024/11/16,7:00:06,PM,635,1074,106,86,127
2024/11/16,8:00:06,PM,682,1111,103,86,126
2024/11/16,9:00:06,PM,712,1123,100,86,126
2024/11/16,10:00:06,PM,721,1125,99,87,125
2024/11/16,11:00:06,PM,724,1125,112,90,136
2024/11/17,12:00:06,AM,725,1125,125,92,146
2024/11/17,1:00:06,AM,0,0,128,96,152
2024/11/17,2:00:06,AM,0,0,131,96,152
2024/11/17,3:00:06,AM,0,0,137,96,152
2024/11/17,4:00:06,AM,0,0,139,96,152
2024/11/17,5:00:06,AM,0,0,139,96,152
2024/11/17,6:00:06,AM,2,0,141,96,152
2024/11/17,7:00:06,AM,2,0,140,96,152
2024/11/17,8:00:06,AM,3,0,142,96,152
2024/11/17,9:00:06,AM,29,0,142,96,150
2024/11/17,10:00:06,AM,72,0,137,94,145
2024/11/17,11:00:06,AM,138,0,130,93,134
2024/11/17,12:00:06,PM,188,0,127,91,129
2024/11/17,1:00:06,PM,275,0,118,90,127
2024/11/17,2:00:06,PM,378,0,102,86,111
2024/11/17,3:00:06,PM,486,0,92,85,102
2024/11/17,4:00:06,PM,559,0,84,83,95
2024/11/17,5:00:06,PM,628,0,77,87,96
2024/11/17,6:00:06,PM,703,0,85,86,96
2024/11/17,7:00:06,PM,774,0,83,87,101
2024/11/17,8:00:06,PM,858,0,80,88,100
2024/11/17,9:00:06,PM,910,0,84,88,100
2024/11/17,10:00:06,PM,932,0,84,88,104
2024/11/17,11:00:06,PM,934,0,107,88,133
2024/11/18,12:00:07,AM,939,0,110,92,140
2024/11/18,1:00:06,AM,0,0,112,96,152
2024/11/18,2:00:06,AM,0,0,129,96,152
2024/11/18,3:00:06,AM,0,0,137,96,152
2024/11/18,4:00:06,AM,0,0,140,96,152
2024/11/18,5:00:06,AM,1,0,143,96,152
2024/11/18,6:00:06,AM,2,0,143,96,152
2024/11/18,7:00:06,AM,2,0,143,96,152
2024/11/18,8:00:06,AM,3,0,137,96,152
2024/11/18,9:00:06,AM,50,46,136,95,150
2024/11/18,10:00:06,AM,135,134,124,94,143
2024/11/18,11:00:06,AM,256,228,111,89,137
2024/11/18,12:00:06,PM,359,295,111,87,139
2024/11/18,1:00:06,PM,511,389,105,87,132
2024/11/18,2:00:06,PM,668,516,97,82,131
2024/11/18,3:00:06,PM,800,591,93,79,116
2024/11/18,4:00:06,PM,940,649,97,81,110
2024/11/18,5:00:08,PM,1303,781,77,82,97
2024/11/18,6:00:06,PM,1437,859,75,82,100
2024/11/18,7:00:06,PM,1588,964,79,78,104
2024/11/18,8:00:06,PM,1734,1022,74,74,95
2024/11/18,9:00:06,PM,1797,1043,75,75,83
2024/11/18,10:00:06,PM,1831,1046,57,72,79
2024/11/18,11:00:06,PM,1835,1046,87,81,109
2024/11/19,12:00:06,AM,1840,1046,98,88,136
2024/11/19,1:00:06,AM,0,0,113,96,149
2024/11/19,2:00:06,AM,0,0,120,96,151
2024/11/19,3:00:07,AM,0,0,126,96,152
2024/11/19,4:00:06,AM,2,0,129,96,152
2024/11/19,5:00:06,AM,3,0,133,96,152
2024/11/19,6:00:06,AM,3,0,136,96,152
2024/11/19,7:00:06,AM,3,0,138,96,152
2024/11/19,8:00:06,AM,3,0,133,96,152
2024/11/19,9:00:06,AM,70,30,139,94,145
2024/11/19,10:00:06,AM,156,99,132,93,143
2024/11/19,11:00:06,AM,255,174,126,85,137
2024/11/19,12:00:06,PM,383,226,122,85,133
2024/11/19,1:00:07,PM,753,354,110,84,122
2024/11/19,2:00:07,PM,1052,530,100,84,114
2024/11/19,3:00:06,PM,1232,639,89,84,112
2024/11/19,4:00:07,PM,1409,722,89,80,108
2024/11/19,5:00:06,PM,1757,866,73,77,90
2024/11/19,6:00:06,PM,1947,981,76,79,95
2024/11/19,7:00:06,PM,2122,1109,80,80,107
2024/11/19,8:00:06,PM,2313,1193,69,75,96
2024/11/19,9:00:06,PM,2391,1221,67,75,99
2024/11/19,10:00:06,PM,2428,1225,65,69,88
2024/11/19,11:00:06,PM,2433,1225,89,84,109
2024/11/20,12:00:07,AM,2436,1225,92,92,143
2024/11/20,1:00:07,AM,0,0,106,95,151
2024/11/20,2:00:07,AM,0,0,119,96,152
2024/11/20,3:00:06,AM,0,0,122,96,152
2024/11/20,4:00:07,AM,1,0,130,96,152
2024/11/20,5:00:07,AM,1,0,131,96,152
2024/11/20,6:00:07,AM,1,0,135,96,152
2024/11/20,7:00:07,AM,1,0,137,96,152
2024/11/20,8:00:07,AM,2,0,129,95,152
2024/11/20,9:00:07,AM,59,38,132,95,147
2024/11/20,10:00:07,AM,133,101,131,94,143
2024/11/20,11:00:07,AM,219,197,124,91,141
2024/11/20,12:00:07,PM,318,240,122,90,138
2024/11/20,1:00:07,PM,636,379,107,91,123
2024/11/20,2:00:07,PM,926,589,99,83,121
2024/11/20,3:00:07,PM,1069,715,91,80,120
2024/11/20,4:00:07,PM,1270,775,89,79,106
2024/11/20,5:00:07,PM,1586,915,79,71,106
2024/11/20,6:00:07,PM,1747,996,89,77,117
2024/11/20,7:00:07,PM,1923,1075,85,80,116
2024/11/20,8:00:07,PM,2047,1156,73,76,106
2024/11/20,9:00:07,PM,2130,1178,67,71,96
2024/11/20,10:00:07,PM,2168,1180,54,68,81
2024/11/20,11:00:07,PM,2176,1180,77,80,99
2024/11/21,12:00:07,AM,2180,1180,85,92,134
2024/11/21,1:00:07,AM,0,0,92,96,152
2024/11/21,2:00:07,AM,2,0,106,96,152
2024/11/21,3:00:07,AM,2,0,116,96,152
2024/11/21,4:00:07,AM,2,0,121,96,152
2024/11/21,5:00:07,AM,2,0,128,96,152
2024/11/21,6:00:07,AM,2,0,131,96,152
2024/11/21,7:00:07,AM,2,0,132,96,152
2024/11/21,9:00:07,AM,71,42,137,95,148
2024/11/21,10:00:07,AM,140,101,135,91,145
2024/11/21,11:00:07,AM,255,165,127,88,140
2024/11/21,12:00:08,PM,376,223,121,87,133
2024/11/21,1:00:09,PM,687,343,97,84,128
2024/11/21,2:00:09,PM,895,494,104,85,124
2024/11/21,3:00:09,PM,1048,601,100,82,121
2024/11/21,4:00:07,PM,1204,675,104,86,125
2024/11/21,5:00:09,PM,1537,797,88,78,104
2024/11/21,6:00:09,PM,1686,884,94,78,111
2024/11/21,7:00:07,PM,1829,946,87,80,115
2024/11/21,8:00:06,PM,1947,1011,82,82,119
2024/11/21,9:00:06,PM,2015,1027,79,79,116
2024/11/21,10:00:06,PM,2042,1031,70,70,112
2024/11/21,11:00:06,PM,2051,1031,91,84,123
2024/11/22,12:00:06,AM,2055,1031,100,92,144
2024/11/22,1:00:06,AM,0,0,112,95,151
2024/11/22,2:00:06,AM,0,0,130,95,151
2024/11/22,3:00:06,AM,1,0,136,96,151
2024/11/22,4:00:06,AM,2,0,140,96,151
2024/11/22,5:00:06,AM,4,0,143,96,152
2024/11/22,6:00:06,AM,5,0,143,96,152
2024/11/22,7:00:06,AM,5,0,143,96,152
2024/11/22,8:00:06,AM,5,0,139,96,152
2024/11/22,9:00:06,AM,56,42,137,96,150
2024/11/22,10:00:06,AM,101,124,131,91,146
2024/11/22,11:00:06,AM,185,178,126,90,139
2024/11/22,1:00:06,PM,479,365,122,88,137
2024/11/22,2:00:06,PM,643,509,120,88,134
2024/11/22,3:00:06,PM,778,611,115,83,125
2024/11/22,4:00:06,PM,868,680,108,83,114
2024/11/22,5:00:08,PM,1058,791,103,79,113
2024/11/22,6:00:06,PM,1164,857,98,80,115
2024/11/22,7:00:06,PM,1250,927,107,85,117
2024/11/22,8:00:06,PM,1315,979,99,85,122
2024/11/22,9:00:06,PM,1342,1008,92,85,122
2024/11/22,10:00:06,PM,1356,1012,91,85,120
2024/11/22,11:00:06,PM,1357,1012,102,88,124
2024/11/23,12:00:06,AM,1360,1012,113,96,133
2024/11/23,1:00:06,AM,0,0,123,96,139
2024/11/23,2:00:06,AM,0,0,129,96,140
2024/11/23,3:00:06,AM,0,0,134,96,140
2024/11/23,4:00:06,AM,0,0,135,96,140
2024/11/23,5:00:06,AM,2,0,135,96,140
2024/11/23,6:00:06,AM,2,0,135,96,140
2024/11/23,7:00:06,AM,2,0,135,96,140
2024/11/23,8:00:06,AM,3,0,133,96,140
2024/11/23,9:00:06,AM,23,30,133,95,137
2024/11/23,10:00:06,AM,58,89,131,94,136
2024/11/23,11:00:06,AM,110,160,127,91,131
2024/11/23,12:00:06,PM,156,240,124,91,130
2024/11/23,1:00:06,PM,213,336,120,89,128
2024/11/23,2:00:06,PM,302,483,117,85,120
2024/11/25,6:00:09,PM,1432,1090,83,78,99
2024/11/25,7:00:07,PM,1603,1180,71,81,102
2024/11/25,8:00:07,PM,1720,1228,64,81,94
2024/11/25,9:00:07,PM,1779,1257,63,75,88
2024/11/25,10:00:07,PM,1824,1264,57,74,81
2024/11/25,11:00:07,PM,1833,1264,76,86,94
2024/11/26,12:00:07,AM,1836,1264,88,91,128
2024/11/26,1:00:07,AM,0,0,103,95,140
2024/11/26,2:00:07,AM,0,0,119,96,140
2024/11/26,3:00:07,AM,1,0,123,96,140
2024/11/26,4:00:07,AM,1,0,128,96,140
2024/11/26,5:00:07,AM,1,0,130,96,140
2024/11/26,6:00:07,AM,1,0,132,96,140
2024/11/26,7:00:07,AM,1,1,132,96,140
2024/11/26,8:00:07,AM,3,1,127,96,140
2024/11/26,9:00:07,AM,56,36,131,96,133
2024/11/26,10:00:07,AM,122,84,123,93,132
2024/11/26,11:00:07,AM,222,138,116,92,121
2024/11/26,12:00:06,PM,342,179,111,91,121
2024/11/26,1:00:06,PM,629,307,88,83,116
2024/11/26,2:00:06,PM,918,466,92,84,104
2024/11/26,3:00:06,PM,1058,554,94,87,105
2024/11/26,4:00:06,PM,1236,638,97,86,113
2024/11/26,5:00:06,PM,1596,795,79,79,92
2024/11/26,6:00:06,PM,1754,881,77,81,95
2024/11/26,7:00:06,PM,1904,1015,73,80,103
2024/11/26,8:00:06,PM,2045,1085,62,76,104
2024/11/26,9:00:06,PM,2110,1119,68,75,99
2024/11/26,10:00:06,PM,2156,1128,62,69,80
2024/11/26,11:00:06,PM,2164,1128,74,80,114
2024/11/27,12:00:06,AM,2167,1128,90,92,134
2024/11/27,1:00:06,AM,0,0,100,96,150
2024/11/27,2:00:06,AM,0,0,123,96,152
2024/11/27,3:00:06,AM,0,0,129,96,152
2024/11/27,4:00:06,AM,0,0,128,96,152
2024/11/27,5:00:06,AM,0,0,135,96,152
2024/11/27,6:00:06,AM,0,0,135,96,152
2024/11/27,7:00:06,AM,0,0,137,96,152
2024/11/27,8:00:06,AM,0,0,130,96,152
2024/11/27,9:00:06,AM,61,47,139,96,148
2024/11/27,10:00:06,AM,130,114,131,94,145
2024/11/27,11:00:06,AM,204,241,126,92,139
2024/11/27,12:00:06,PM,309,302,120,92,140
2024/11/27,1:00:06,PM,622,473,106,93,131
2024/11/27,2:00:06,PM,875,735,99,90,120
2024/11/27,3:00:06,PM,1021,873,93,87,120
2024/11/27,4:00:06,PM,1161,963,95,87,122
2024/11/27,5:00:06,PM,1471,1107,84,83,105
2024/11/27,6:00:06,PM,1623,1195,84,80,103
2024/11/27,7:00:06,PM,1808,1291,84,82,107
2024/11/27,8:00:06,PM,1928,1387,73,77,100
2024/11/27,9:00:08,PM,2002,1403,70,75,99
2024/11/27,10:00:06,PM,2045,1408,61,77,88
2024/11/27,11:00:06,PM,2052,1408,90,82,116
2024/11/28,12:00:06,AM,2055,1408,105,91,135
2024/11/28,1:00:06,AM,0,0,113,96,152
2024/11/28,2:00:06,AM,0,0,123,96,152
2024/11/28,3:00:06,AM,0,0,127,96,152
2024/11/28,4:00:06,AM,0,0,133,96,152
2024/11/28,5:00:06,AM,1,0,136,96,152
2024/11/28,6:00:06,AM,1,0,136,96,152
2024/11/28,7:00:06,AM,1,0,134,96,152
2024/11/28,8:00:06,AM,1,0,128,96,151
2024/11/28,9:00:06,AM,72,69,138,94,147
2024/11/28,10:00:06,AM,137,275,135,93,145
2024/11/28,11:00:06,AM,233,523,122,91,138
2024/11/28,12:00:07,PM,345,642,124,93,138
2024/11/28,1:00:06,PM,654,798,109,90,129
2024/11/28,2:00:06,PM,882,1004,102,87,124
2024/11/28,3:00:06,PM,1009,1125,99,82,123
2024/11/28,4:00:08,PM,1165,1203,97,81,120
2024/11/28,5:00:06,PM,1495,1361,89,79,105
2024/11/28,6:00:06,PM,1671,1470,93,79,115
2024/11/28,7:00:06,PM,1806,1594,94,80,117
2024/11/28,8:00:07,PM,1926,1652,81,82,121
2024/11/28,9:00:06,PM,1977,1667,75,83,120
2024/11/28,10:00:06,PM,2001,1672,66,81,111
2024/11/28,11:00:06,PM,2015,1672,86,87,128
2024/11/29,12:00:07,AM,2016,1672,104,94,148
2024/11/29,1:00:06,AM,0,0,119,96,152
2024/11/29,2:00:06,AM,0,0,122,96,152
2024/11/29,3:00:06,AM,0,0,128,96,152
2024/11/29,4:00:06,AM,1,0,134,96,152
2024/11/29,5:00:06,AM,3,0,138,96,152
2024/11/29,6:00:06,AM,5,0,143,96,152
2024/11/29,7:00:06,AM,5,0,143,96,152
2024/11/29,8:00:06,AM,5,0,141,95,152
2024/11/29,9:00:06,AM,57,35,135,95,150
2024/11/29,10:00:06,AM,121,149,132,93,148
2024/11/29,11:00:06,AM,194,227,121,91,143
2024/11/29,12:00:07,PM,271,284,120,90,139
2024/11/29,1:00:06,PM,454,394,116,89,129
2024/11/29,2:00:06,PM,618,581,114,88,128
2024/11/29,3:00:06,PM,744,697,110,86,126
2024/11/29,4:00:06,PM,877,791,111,84,131
2024/11/29,5:00:06,PM,1091,930,108,82,123
2024/11/29,7:00:06,PM,1284,1071,116,84,131
2024/11/29,8:00:06,PM,1350,1120,109,86,128
2024/11/29,9:00:06,PM,1373,1140,108,86,127
2024/11/29,10:00:06,PM,1386,1145,106,88,124
2024/11/29,11:00:06,PM,1387,1145,111,92,135
2024/11/30,12:00:07,AM,1388,1145,128,96,146
2024/11/30,1:00:06,AM,0,0,135,96,151
2024/11/30,2:00:07,AM,0,0,135,96,151
2024/11/30,3:00:07,AM,0,0,138,96,151
2024/11/30,4:00:07,AM,2,0,140,96,152
2024/11/30,5:00:07,AM,2,0,143,96,152
2024/11/30,6:00:07,AM,2,0,143,96,152
2024/11/30,7:00:07,AM,2,0,144,96,152
2024/11/30,8:00:07,AM,2,0,144,96,152
2024/11/30,9:00:07,AM,24,19,144,96,149
2024/11/30,10:00:06,AM,69,75,137,95,148
2024/11/30,11:00:06,AM,110,155,130,93,147
2024/11/30,12:00:07,PM,140,231,129,91,143
2024/11/30,1:00:07,PM,198,340,126,89,135
2024/11/30,2:00:06,PM,259,523,121,88,131
2024/11/30,3:00:06,PM,313,649,117,85,126
2024/11/30,4:00:06,PM,363,750,110,84,125
2024/11/30,5:00:07,PM,411,846,107,86,124
2024/11/30,6:00:07,PM,476,922,108,85,126
2024/11/30,7:00:07,PM,518,981,115,88,125
2024/11/30,8:00:08,PM,556,1019,116,88,124
2024/11/30,9:00:07,PM,577,1032,111,88,123
2024/11/30,10:00:07,PM,590,1035,97,88,133
2024/11/30,11:00:07,PM,592,1035,111,94,139
2024/12/1,12:00:07,AM,593,1035,123,95,146
2024/12/1,1:00:07,AM,0,0,127,96,152
2024/12/1,2:00:07,AM,0,0,138,96,152
2024/12/1,3:00:07,AM,0,0,141,96,152
2024/12/1,4:00:07,AM,0,0,140,96,152
2024/12/1,5:00:07,AM,0,0,142,96,152
2024/12/1,6:00:07,AM,0,0,142,96,152
2024/12/1,7:00:07,AM,0,0,143,96,152
2024/12/1,8:00:07,AM,0,0,140,96,152
2024/12/1,9:00:07,AM,25,0,140,96,150
2024/12/1,10:00:07,AM,73,0,134,94,147
2024/12/1,11:00:07,AM,144,0,125,94,144
2024/12/1,12:00:07,PM,199,0,121,93,140
2024/12/1,1:00:07,PM,304,0,115,90,136
2024/12/1,2:00:07,PM,422,0,109,82,121
2024/12/1,3:00:07,PM,508,0,108,81,117
2024/12/1,4:00:07,PM,601,0,110,77,112
2024/12/1,5:00:07,PM,682,0,108,80,109
2024/12/1,6:00:07,PM,768,0,102,82,111
2024/12/1,7:00:07,PM,852,0,100,82,115
2024/12/1,8:00:07,PM,918,0,93,80,120
2024/12/1,9:00:07,PM,948,0,89,82,122
2024/12/1,10:00:07,PM,969,0,90,85,127
2024/12/1,11:00:06,PM,971,0,104,92,132
2024/12/2,12:00:06,AM,972,0,123,96,144
2024/12/2,1:00:06,AM,0,0,133,96,151
2024/12/2,2:00:06,AM,0,0,136,96,152
2024/12/2,3:00:06,AM,1,0,137,96,152
2024/12/2,4:00:06,AM,1,0,137,96,152
2024/12/2,5:00:06,AM,2,0,137,96,152
2024/12/2,6:00:06,AM,2,0,139,96,152
2024/12/2,7:00:06,AM,2,0,142,96,152
2024/12/2,8:00:06,AM,2,1,138,96,151
2024/12/2,9:00:06,AM,51,53,140,94,147
2024/12/2,10:00:06,AM,125,151,128,93,138
2024/12/2,11:00:06,AM,235,256,118,89,132
2024/12/2,12:00:06,PM,328,316,115,90,132
2024/12/2,1:00:06,PM,478,416,114,87,127
2024/12/2,2:00:06,PM,657,595,105,84,118
2024/12/2,3:00:06,PM,819,712,100,83,113
2024/12/2,4:00:06,PM,935,794,101,81,112
2024/12/2,5:00:07,PM,1302,944,80,82,96
2024/12/2,6:00:06,PM,1445,1051,82,82,104
2024/12/2,7:00:06,PM,1624,1154,83,80,101
2024/12/2,8:00:06,PM,1757,1261,62,76,88
2024/12/2,9:00:06,PM,1818,1298,54,71,86
2024/12/2,10:00:06,PM,1849,1307,45,72,71
2024/12/2,11:00:06,PM,1860,1307,77,82,108
2024/12/3,12:00:06,AM,1863,1307,99,93,127
2024/12/3,1:00:06,AM,0,0,107,96,151
2024/12/3,2:00:06,AM,0,0,126,96,152
2024/12/3,3:00:06,AM,0,0,134,96,152
2024/12/3,4:00:06,AM,0,0,140,96,152
2024/12/3,5:00:06,AM,0,0,141,96,152
2024/12/3,6:00:06,AM,0,0,140,96,152
2024/12/3,7:00:06,AM,0,0,142,96,152
2024/12/3,8:00:06,AM,0,0,140,96,152
2024/12/3,9:00:06,AM,51,38,139,94,145
2024/12/3,10:00:06,AM,122,86,132,92,140
2024/12/3,11:00:06,AM,207,141,123,91,135
2024/12/3,12:00:06,PM,284,198,120,90,136
2024/12/3,1:00:06,PM,610,319,97,87,128
2024/12/3,2:00:07,PM,884,499,101,82,115
2024/12/3,3:00:06,PM,1016,600,94,80,107
2024/12/3,4:00:06,PM,1172,669,91,85,108
2024/12/3,5:00:06,PM,1493,831,73,80,96
2024/12/3,6:00:06,PM,1671,959,81,80,108
2024/12/3,7:00:06,PM,1843,1090,85,78,110
2024/12/3,8:00:06,PM,2023,1199,67,78,107
2024/12/3,9:00:06,PM,2107,1229,59,81,92
2024/12/3,10:00:06,PM,2149,1233,53,75,84
2024/12/3,11:00:06,PM,2153,1233,74,81,104
2024/12/4,12:00:06,AM,2155,1233,83,96,143
2024/12/4,1:00:06,AM,0,0,117,96,152
2024/12/4,2:00:06,AM,2,0,128,96,152
2024/12/4,3:00:06,AM,2,0,131,96,152
2024/12/4,4:00:06,AM,2,0,133,96,152
2024/12/4,5:00:06,AM,2,0,137,96,152
2024/12/4,6:00:06,AM,3,0,139,96,152
2024/12/4,7:00:06,AM,3,0,140,96,152
2024/12/4,8:00:06,AM,3,0,134,96,152
2024/12/4,9:00:06,AM,66,46,142,95,147
2024/12/4,10:00:06,AM,144,121,132,93,143
2024/12/4,11:00:06,AM,256,207,126,91,140
2024/12/4,12:00:06,PM,374,255,120,90,133
2024/12/4,1:00:06,PM,741,413,98,89,125
2024/12/4,2:00:06,PM,995,631,100,87,117
2024/12/4,4:00:06,PM,1328,799,98,85,115
2024/12/4,5:00:06,PM,1634,971,87,81,102
2024/12/4,6:00:07,PM,1778,1078,91,78,103
2024/12/4,7:00:06,PM,1918,1167,90,80,106
2024/12/4,8:00:06,PM,2057,1254,73,80,101
2024/12/4,9:00:06,PM,2132,1279,63,77,95
2024/12/4,10:00:07,PM,2175,1285,54,79,94
2024/12/4,11:00:06,PM,2182,1285,81,84,115
2024/12/5,12:00:06,AM,2184,1285,97,96,137
2024/12/5,1:00:06,AM,0,0,107,96,150
2024/12/5,2:00:07,AM,0,0,126,96,150
2024/12/5,3:00:06,AM,0,0,132,96,152
2024/12/5,4:00:07,AM,0,0,139,96,152
2024/12/5,5:00:06,AM,1,0,141,96,152
2024/12/5,6:00:07,AM,5,0,140,96,152
2024/12/5,7:00:07,AM,5,1,140,96,152
2024/12/5,8:00:06,AM,5,1,133,96,152
2024/12/5,9:00:06,AM,70,43,137,96,150
2024/12/5,10:00:06,AM,146,108,130,92,146
2024/12/5,11:00:07,AM,243,181,124,92,138
2024/12/5,12:00:07,PM,348,235,126,87,136
2024/12/5,1:00:08,PM,651,393,102,81,130
2024/12/5,2:00:06,PM,868,600,100,82,123
2024/12/5,3:00:07,PM,981,731,99,79,118
2024/12/5,4:00:07,PM,1117,823,106,81,114
2024/12/5,5:00:07,PM,1448,983,84,77,95
2024/12/5,6:00:07,PM,1615,1083,90,74,97
2024/12/5,7:00:07,PM,1753,1182,85,75,100
2024/12/5,8:00:07,PM,1854,1259,78,78,103
2024/12/5,9:00:07,PM,1922,1270,65,79,101
2024/12/5,10:00:07,PM,1957,1273,58,77,97
2024/12/5,11:00:07,PM,1963,1273,77,83,123
2024/12/6,12:00:07,AM,1964,1273,93,94,136
2024/12/6,1:00:07,AM,0,0,113,96,151
2024/12/6,2:00:07,AM,0,0,129,96,151
2024/12/6,3:00:07,AM,0,0,135,96,151
2024/12/6,4:00:07,AM,0,0,137,96,152
2024/12/6,5:00:07,AM,0,0,138,96,152
2024/12/6,6:00:07,AM,0,0,135,96,152
2024/12/6,7:00:07,AM,0,0,139,96,152
2024/12/6,8:00:07,AM,0,1,136,96,152
2024/12/6,9:00:07,AM,39,57,138,96,150
2024/12/6,10:00:07,AM,103,122,134,94,144
2024/12/6,11:00:07,AM,182,186,122,89,140
2024/12/6,12:00:07,PM,267,231,117,87,139
2024/12/6,1:00:07,PM,474,327,115,84,134
2024/12/6,2:00:07,PM,643,486,111,88,130
2024/12/6,3:00:07,PM,747,573,112,83,123
2024/12/6,4:00:07,PM,873,694,112,84,122
2024/12/6,5:00:07,PM,1058,822,112,84,121
2024/12/6,6:00:07,PM,1133,891,119,88,125
2024/12/6,7:00:07,PM,1223,979,119,88,127
2024/12/6,8:00:07,PM,1273,1035,114,86,121
2024/12/6,9:00:07,PM,1315,1052,113,89,119
2024/12/6,10:00:07,PM,1339,1058,110,90,122
2024/12/6,11:00:07,PM,1340,1058,123,90,130
2024/12/7,12:00:07,AM,1344,1058,128,96,149
2024/12/7,1:00:07,AM,0,0,130,96,152
2024/12/7,2:00:07,AM,1,0,134,96,152
2024/12/7,3:00:06,AM,2,0,137,96,152
2024/12/7,4:00:06,AM,2,0,143,96,152
2024/12/7,5:00:06,AM,3,0,143,96,152
2024/12/7,6:00:06,AM,4,0,143,96,152
2024/12/7,7:00:06,AM,4,0,144,96,152
2024/12/7,8:00:06,AM,4,0,143,96,152
2024/12/7,9:00:06,AM,27,63,141,95,151
2024/12/7,10:00:06,AM,64,150,139,94,148
2024/12/7,11:00:06,AM,121,287,134,90,144
2024/12/7,12:00:06,PM,152,364,130,90,145
2024/12/7,1:00:06,PM,216,493,129,90,138
2024/12/7,2:00:06,PM,298,679,114,88,128
2024/12/7,3:00:06,PM,352,802,112,87,120
2024/12/7,4:00:06,PM,399,907,108,87,122
2024/12/7,5:00:06,PM,443,998,98,88,119
2024/12/7,6:00:07,PM,492,1050,99,88,120
2024/12/7,7:00:06,PM,550,1108,92,87,121
2024/12/7,8:00:06,PM,595,1166,92,88,130
2024/12/7,9:00:06,PM,617,1183,98,87,130
2024/12/7,10:00:06,PM,623,1187,93,84,127
2024/12/7,11:00:06,PM,625,1187,108,90,131
2024/12/8,12:00:06,AM,626,1187,113,93,145
2024/12/8,1:00:06,AM,0,0,128,96,151
2024/12/8,2:00:06,AM,0,0,131,96,151
2024/12/8,3:00:06,AM,0,0,137,96,152
2024/12/8,4:00:06,AM,1,0,139,96,152
2024/12/8,5:00:06,AM,1,0,141,96,152
2024/12/8,6:00:06,AM,1,0,141,96,152
2024/12/8,7:00:06,AM,1,0,141,96,152
2024/12/8,8:00:06,AM,1,0,141,96,152
2024/12/8,9:00:06,AM,14,0,143,96,152
2024/12/8,10:00:06,AM,52,0,139,95,149
2024/12/8,11:00:06,AM,136,0,126,92,144
2024/12/8,12:00:06,PM,203,0,122,89,138
2024/12/8,1:00:06,PM,293,0,115,88,132
2024/12/8,2:00:06,PM,383,0,109,84,119
2024/12/8,3:00:06,PM,477,0,94,80,108
2024/12/8,4:00:06,PM,560,0,84,80,103
2024/12/8,5:00:06,PM,632,0,87,80,102
2024/12/8,6:00:06,PM,681,0,92,82,102
2024/12/8,7:00:06,PM,749,0,93,82,106
2024/12/8,8:00:06,PM,803,0,81,84,109
2024/12/8,9:00:06,PM,834,0,89,85,111
2024/12/8,10:00:06,PM,852,0,81,91,115
2024/12/8,11:00:06,PM,857,0,108,95,131
2024/12/9,12:00:06,AM,859,0,122,96,143
2024/12/9,1:00:06,AM,0,0,121,96,152
2024/12/9,2:00:06,AM,0,0,130,96,152
2024/12/9,3:00:06,AM,0,0,135,95,152
2024/12/9,4:00:07,AM,1,0,143,96,152
2024/12/9,5:00:06,AM,1,0,143,96,152
2024/12/9,6:00:06,AM,1,0,145,96,152
2024/12/9,7:00:06,AM,1,0,145,96,152
2024/12/9,8:00:06,AM,1,0,145,96,152
2024/12/9,9:00:06,AM,38,49,141,94,149
2024/12/9,10:00:06,AM,129,132,132,94,146
2024/12/9,11:00:06,AM,275,243,119,92,141
2024/12/9,12:00:06,PM,380,311,120,89,139
2024/12/9,1:00:06,PM,565,407,121,84,135
2024/12/9,2:00:06,PM,734,555,107,82,128
2024/12/9,3:00:06,PM,848,657,99,85,124
2024/12/9,4:00:08,PM,979,735,95,88,121
2024/12/9,5:00:06,PM,1269,876,79,86,110
2024/12/9,6:00:06,PM,1436,970,77,87,111
2024/12/9,7:00:06,PM,1609,1096,63,85,99
2024/12/9,8:00:06,PM,1765,1181,60,74,83
2024/12/9,9:00:06,PM,1846,1213,56,67,84
2024/12/9,10:00:06,PM,1881,1215,45,66,88
2024/12/9,11:00:06,PM,1887,1215,75,80,110
2024/12/10,12:00:06,AM,1893,1215,83,93,140
2024/12/10,1:00:06,AM,0,0,106,96,152
2024/12/10,2:00:07,AM,0,0,122,96,152
2024/12/10,3:00:06,AM,1,0,131,96,152
2024/12/10,4:00:06,AM,1,0,136,96,152
2024/12/10,5:00:07,AM,1,0,135,96,152
2024/12/10,6:00:06,AM,1,0,137,96,152
2024/12/10,7:00:07,AM,1,0,138,96,152
2024/12/10,8:00:06,AM,2,0,137,96,152
2024/12/10,9:00:06,AM,79,47,133,95,146
2024/12/10,10:00:06,AM,164,122,127,93,142
2024/12/10,11:00:07,AM,272,182,118,87,133
2024/12/10,12:00:06,PM,377,235,118,85,132
2024/12/10,1:00:06,PM,674,351,98,82,122
2024/12/10,2:00:06,PM,930,536,96,82,120
2024/12/10,3:00:06,PM,1089,621,83,82,108
2024/12/10,4:00:07,PM,1229,692,82,83,112
2024/12/10,5:00:06,PM,1615,861,66,76,80
2024/12/10,6:00:06,PM,1801,963,77,72,91
2024/12/10,7:00:06,PM,2005,1067,80,77,98
2024/12/10,8:00:07,PM,2166,1134,74,70,94
2024/12/10,9:00:07,PM,2245,1161,66,71,86
2024/12/10,10:00:07,PM,2300,1166,44,62,71
2024/12/10,11:00:07,PM,2312,1166,58,78,113
2024/12/11,12:00:06,AM,2318,1166,73,93,139
2024/12/11,1:00:07,AM,0,0,97,96,151
2024/12/11,2:00:07,AM,0,0,112,96,151
2024/12/11,3:00:07,AM,1,0,128,96,151
2024/12/11,4:00:07,AM,1,0,134,96,151
2024/12/11,5:00:07,AM,1,0,138,96,152
2024/12/11,6:00:07,AM,1,0,137,96,152
2024/12/11,7:00:07,AM,1,0,137,96,152
2024/12/11,8:00:07,AM,1,0,137,96,151
2024/12/11,9:00:07,AM,66,31,139,96,148
2024/12/11,10:00:07,AM,158,116,129,94,145
2024/12/11,11:00:07,AM,280,196,113,92,141
2024/12/11,12:00:07,PM,392,254,114,93,141
2024/12/11,1:00:07,PM,698,409,100,88,129
2024/12/11,2:00:07,PM,964,612,78,88,124
2024/12/11,3:00:07,PM,1134,732,73,86,118
2024/12/11,4:00:07,PM,1306,805,80,84,115
2024/12/11,5:00:07,PM,1627,946,75,78,98
2024/12/11,6:00:07,PM,1786,1040,79,80,100
2024/12/11,7:00:07,PM,1942,1153,72,79,102
2024/12/11,8:00:07,PM,2108,1236,62,76,84
2024/12/11,9:00:07,PM,2212,1260,54,74,79
2024/12/11,10:00:07,PM,2254,1260,51,67,76
2024/12/11,11:00:06,PM,2258,1260,74,77,111
2024/12/12,12:00:06,AM,2259,1260,91,93,133
2024/12/12,1:00:06,AM,0,0,109,96,152
2024/12/12,2:00:06,AM,1,0,123,96,152
2024/12/12,3:00:06,AM,1,0,135,96,152
2024/12/12,4:00:06,AM,1,0,136,96,152
2024/12/12,5:00:06,AM,2,0,140,96,152
2024/12/12,6:00:06,AM,2,0,140,96,152
2024/12/12,7:00:06,AM,2,0,136,96,152
2024/12/12,8:00:06,AM,2,0,137,96,152
2024/12/12,9:00:06,AM,46,79,141,95,148
2024/12/12,10:00:06,AM,117,157,136,92,144
2024/12/12,11:00:06,AM,218,256,128,87,140
2024/12/12,12:00:06,PM,347,309,126,86,133
2024/12/12,1:00:06,PM,624,448,105,87,118
2024/12/12,2:00:06,PM,878,634,105,82,112
2024/12/12,3:00:06,PM,1008,735,95,81,109
2024/12/12,4:00:06,PM,1176,822,92,76,111
2024/12/12,6:00:08,PM,1667,1089,88,76,105
2024/12/12,7:00:06,PM,1860,1162,79,79,106
2024/12/12,8:00:06,PM,1987,1240,65,82,102
2024/12/12,9:00:06,PM,2057,1261,56,76,81
2024/12/12,10:00:06,PM,2084,1265,55,74,79
2024/12/12,11:00:06,PM,2092,1265,85,78,112
2024/12/13,12:00:06,AM,2096,1265,89,93,142
2024/12/13,1:00:07,AM,0,0,107,96,152
2024/12/13,2:00:07,AM,0,0,122,96,152
2024/12/13,3:00:06,AM,1,0,129,96,152
2024/12/13,4:00:06,AM,1,0,129,96,152
2024/12/13,5:00:07,AM,2,0,131,96,152
2024/12/13,6:00:06,AM,3,0,135,96,152
2024/12/13,7:00:06,AM,3,0,138,96,152
2024/12/13,8:00:06,AM,4,0,136,96,152
2024/12/13,9:00:06,AM,59,39,136,94,148
2024/12/13,10:00:06,AM,124,127,139,92,148
2024/12/13,11:00:06,AM,215,191,122,91,145
2024/12/13,12:00:07,PM,291,243,123,89,138
2024/12/13,1:00:06,PM,550,367,116,85,128
2024/12/13,2:00:06,PM,742,546,107,85,121
2024/12/13,3:00:06,PM,859,664,102,82,118
2024/12/13,4:00:06,PM,979,738,99,81,114
2024/12/13,5:00:07,PM,1173,866,92,78,114
2024/12/13,6:00:06,PM,1278,939,95,83,118
2024/12/13,7:00:06,PM,1368,1035,101,84,118
2024/12/13,8:00:07,PM,1449,1123,97,86,118
2024/12/13,9:00:06,PM,1510,1153,94,83,121
2024/12/13,10:00:06,PM,1533,1159,77,82,116
2024/12/13,11:00:07,PM,1533,1159,98,91,128
2024/12/14,12:00:06,AM,1533,1159,104,96,146
2024/12/14,1:00:07,AM,0,0,110,96,150
2024/12/14,2:00:07,AM,0,0,130,96,150
2024/12/14,3:00:07,AM,0,0,138,96,150
2024/12/14,4:00:06,AM,0,0,140,96,150
2024/12/14,5:00:07,AM,1,0,141,96,152
2024/12/14,6:00:07,AM,1,0,141,96,152
2024/12/14,7:00:07,AM,1,0,142,96,152
2024/12/14,8:00:07,AM,2,0,142,96,152
2024/12/14,9:00:07,AM,20,38,139,96,149
2024/12/14,10:00:07,AM,51,132,136,94,145
2024/12/14,11:00:07,AM,92,239,134,91,142
2024/12/14,12:00:07,PM,129,333,128,90,140
2024/12/14,1:00:07,PM,207,515,119,88,136
2024/12/14,2:00:07,PM,305,743,114,85,135
2024/12/14,3:00:07,PM,374,861,102,84,120
2024/12/14,4:00:07,PM,446,935,100,84,118
2024/12/14,5:00:07,PM,508,1013,92,83,114
2024/12/14,6:00:07,PM,563,1090,97,82,116
2024/12/14,7:00:07,PM,629,1159,101,82,116
2024/12/14,8:00:07,PM,693,1228,95,81,112
2024/12/14,9:00:07,PM,721,1246,97,79,105
2024/12/14,10:00:07,PM,744,1250,87,84,107
2024/12/14,11:00:07,PM,747,1250,108,91,126
2024/12/15,12:00:07,AM,749,1250,116,95,141
2024/12/15,1:00:07,AM,0,0,128,96,150
2024/12/15,2:00:07,AM,0,0,141,96,152
2024/12/15,3:00:07,AM,0,0,142,96,152
2024/12/15,4:00:07,AM,0,0,143,96,152
2024/12/15,5:00:07,AM,0,0,143,96,152
2024/12/15,6:00:07,AM,0,0,144,96,152
2024/12/15,7:00:07,AM,0,0,145,96,152
2024/12/15,8:00:07,AM,0,0,144,96,152
2024/12/15,9:00:07,AM,18,0,138,96,148
2024/12/15,10:00:07,AM,72,0,131,94,146
2024/12/15,11:00:07,AM,163,0,126,93,141
2024/12/15,12:00:07,PM,217,0,119,94,137
2024/12/15,1:00:07,PM,343,0,111,92,131
2024/12/15,2:00:07,PM,495,0,97,84,117
2024/12/15,3:00:07,PM,639,0,80,81,103
2024/12/15,4:00:07,PM,743,0,69,78,97
2024/12/15,5:00:07,PM,839,0,64,72,88
2024/12/15,6:00:07,PM,930,0,66,71,77
2024/12/15,7:00:07,PM,1015,0,83,74,82
2024/12/15,8:00:07,PM,1090,0,76,74,83
2024/12/15,9:00:07,PM,1148,0,77,70,79
2024/12/15,10:00:07,PM,1168,0,72,72,90
2024/12/15,11:00:07,PM,1172,0,92,84,111
2024/12/16,12:00:07,AM,1177,0,111,93,135
2024/12/16,1:00:07,AM,0,0,116,96,148
2024/12/16,2:00:07,AM,0,0,123,96,150
2024/12/16,3:00:07,AM,0,0,131,96,148
2024/12/16,4:00:06,AM,0,0,133,96,148
2024/12/16,5:00:06,AM,0,0,133,96,152
2024/12/16,6:00:06,AM,0,0,136,96,152
2024/12/16,7:00:06,AM,0,0,137,96,152
2024/12/16,8:00:06,AM,0,0,140,96,152
2024/12/16,9:00:06,AM,43,50,130,95,148
2024/12/16,10:00:06,AM,125,154,122,92,138
2024/12/16,11:00:06,AM,232,242,112,90,132
2024/12/16,12:00:06,PM,351,305,112,88,131
2024/12/16,1:00:06,PM,524,407,118,85,128
2024/12/16,2:00:06,PM,713,563,109,85,120
2024/12/16,3:00:06,PM,861,677,99,80,111
2024/12/16,4:00:06,PM,1017,769,100,81,105
2024/12/16,5:00:06,PM,1358,913,74,83,88
2024/12/16,6:00:06,PM,1513,1024,71,81,89
2024/12/16,7:00:06,PM,1729,1158,62,75,86
2024/12/16,8:00:06,PM,1894,1243,47,59,74
2024/12/16,9:00:06,PM,1989,1267,39,53,65
2024/12/16,10:00:06,PM,2047,1271,35,53,61
2024/12/16,11:00:06,PM,2069,1271,54,70,97
2024/12/17,12:00:06,AM,2075,1271,75,84,127
2024/12/17,1:00:06,AM,0,0,95,94,134
2024/12/17,2:00:06,AM,1,0,117,95,142
2024/12/17,3:00:06,AM,1,0,124,95,145
2024/12/17,4:00:06,AM,1,0,132,95,149
2024/12/17,5:00:06,AM,1,0,140,95,149
2024/12/17,6:00:06,AM,1,0,140,96,149
2024/12/17,7:00:06,AM,1,0,140,96,150
2024/12/17,8:00:06,AM,1,0,139,96,150
2024/12/17,9:00:06,AM,63,40,134,96,147
2024/12/17,10:00:06,AM,138,92,129,91,140
2024/12/17,11:00:06,AM,222,161,118,86,140
2024/12/17,12:00:06,PM,373,231,116,87,136
2024/12/17,1:00:06,PM,701,359,103,82,126
2024/12/17,2:00:06,PM,987,537,94,80,116
2024/12/17,3:00:13,PM,1163,632,89,83,111
2024/12/17,4:00:08,PM,1335,717,86,82,108
2024/12/17,5:00:06,PM,1723,867,65,72,86
2024/12/17,6:00:06,PM,1939,984,68,80,81
2024/12/17,7:00:06,PM,2167,1090,71,77,85
2024/12/17,8:00:07,PM,2377,1172,66,66,76
2024/12/17,9:00:07,PM,2476,1209,47,57,71
2024/12/17,10:00:06,PM,2554,1212,31,45,58
2024/12/17,11:00:06,PM,2568,1212,53,67,86
2024/12/18,12:00:06,AM,2586,1212,76,83,119
2024/12/18,1:00:07,AM,0,0,87,92,134
2024/12/18,2:00:07,AM,1,0,116,94,140
2024/12/18,3:00:06,AM,1,0,120,96,144
2024/12/18,4:00:07,AM,1,0,126,96,148
2024/12/18,5:00:07,AM,2,0,127,96,150
2024/12/18,6:00:07,AM,3,0,130,96,151
2024/12/18,7:00:07,AM,3,0,134,96,151
2024/12/18,8:00:07,AM,3,0,135,96,151
2024/12/18,9:00:06,AM,59,41,138,96,150
2024/12/18,10:00:07,AM,143,118,133,96,144
2024/12/18,11:00:06,AM,272,199,123,93,138
2024/12/18,12:00:07,PM,389,250,122,91,132
2024/12/18,1:00:06,PM,714,391,105,90,125
2024/12/18,2:00:06,PM,1066,618,86,79,110
2024/12/18,3:00:06,PM,1248,752,76,76,97
2024/12/18,4:00:07,PM,1452,835,75,72,87
2024/12/18,5:00:07,PM,1806,948,64,64,89
2024/12/18,6:00:08,PM,1981,1045,70,71,94
2024/12/18,7:00:07,PM,2201,1156,57,72,88
2024/12/18,8:00:07,PM,2381,1256,51,65,72
2024/12/18,9:00:07,PM,2499,1278,37,55,65
2024/12/18,10:00:07,PM,2574,1285,28,57,63
2024/12/18,11:00:07,PM,2591,1285,54,78,94
2024/12/19,12:00:07,AM,2603,1285,73,90,119
2024/12/19,1:00:07,AM,0,0,95,92,129
2024/12/19,2:00:07,AM,0,0,114,93,137
2024/12/19,3:00:07,AM,0,0,127,95,143
2024/12/19,4:00:07,AM,0,0,129,95,146
2024/12/19,5:00:07,AM,0,0,133,95,150
2024/12/19,6:00:07,AM,1,0,137,95,150
2024/12/19,7:00:07,AM,1,0,139,95,151
2024/12/19,8:00:07,AM,1,1,134,96,151
2024/12/19,9:00:07,AM,68,54,137,95,149
2024/12/19,10:00:07,AM,148,122,132,94,144
2024/12/19,11:00:08,AM,278,183,123,87,132
2024/12/19,12:00:07,PM,412,238,112,87,129
2024/12/19,1:00:07,PM,709,344,97,86,126
2024/12/19,2:00:07,PM,981,505,93,79,116
2024/12/19,3:00:08,PM,1148,624,83,74,98
2024/12/19,4:00:07,PM,1367,683,80,72,100
2024/12/19,5:00:11,PM,1677,805,71,67,89
2024/12/19,6:00:07,PM,1881,895,70,63,98
2024/12/19,7:00:07,PM,2073,1009,70,70,98
2024/12/19,8:00:07,PM,2216,1068,68,71,82
2024/12/19,9:00:07,PM,2312,1094,65,68,69
2024/12/19,10:00:07,PM,2386,1098,61,62,69
2024/12/19,11:00:07,PM,2408,1098,76,73,104
2024/12/20,12:00:07,AM,2418,1098,91,82,127
2024/12/20,1:00:07,AM,0,0,116,91,136
2024/12/20,2:00:07,AM,0,0,130,94,141
2024/12/20,3:00:07,AM,0,0,136,95,147
2024/12/20,4:00:07,AM,0,0,136,95,151
2024/12/20,5:00:07,AM,2,0,138,96,152
2024/12/20,6:00:07,AM,3,0,140,96,152
2024/12/20,7:00:07,AM,6,0,141,96,152
2024/12/20,8:00:07,AM,10,0,139,96,152
2024/12/20,9:00:07,AM,60,51,140,95,150
2024/12/20,10:00:07,AM,123,113,136,94,146
2024/12/20,11:00:07,AM,218,173,119,93,140
2024/12/20,12:00:07,PM,321,221,112,90,139
2024/12/20,1:00:07,PM,565,320,108,85,131
2024/12/20,2:00:07,PM,790,463,100,82,116
2024/12/20,3:00:07,PM,933,620,93,80,104
2024/12/20,4:00:07,PM,1093,688,84,76,99
2024/12/20,5:00:07,PM,1323,812,81,75,90
2024/12/20,6:00:07,PM,1445,889,86,75,102
2024/12/20,7:00:07,PM,1539,968,80,80,106
2024/12/20,8:00:07,PM,1647,1034,73,79,104
2024/12/20,9:00:07,PM,1711,1057,64,78,98
2024/12/20,10:00:07,PM,1766,1068,60,73,95
2024/12/20,11:00:07,PM,1787,1068,77,86,113
2024/12/21,12:00:07,AM,1795,1068,99,91,127
2024/12/21,1:00:07,AM,0,0,111,92,132
2024/12/21,2:00:07,AM,1,0,125,95,136
2024/12/21,3:00:07,AM,1,0,130,95,142
2024/12/21,4:00:07,AM,1,0,138,95,144
2024/12/21,5:00:07,AM,2,0,137,95,146
2024/12/21,6:00:07,AM,2,0,140,95,148
2024/12/21,7:00:07,AM,2,0,141,96,150
2024/12/21,8:00:07,AM,2,0,139,96,150
2024/12/21,9:00:07,AM,20,44,131,96,151
2024/12/21,10:00:07,AM,59,148,123,93,145
2024/12/21,11:00:07,AM,128,243,120,86,138
2024/12/21,12:00:07,PM,171,338,112,85,130
2024/12/21,1:00:07,PM,248,443,106,84,121
2024/12/21,2:00:07,PM,374,614,88,81,96
2024/12/21,3:00:07,PM,451,765,73,75,89
2024/12/21,4:00:07,PM,516,844,69,75,83
2024/12/21,5:00:07,PM,573,917,67,75,81
2024/12/21,6:00:07,PM,644,994,71,74,82
2024/12/21,7:00:07,PM,744,1056,73,73,91
2024/12/21,8:00:07,PM,833,1117,68,73,86
2024/12/21,9:00:07,PM,889,1147,68,77,88
2024/12/21,10:00:06,PM,921,1154,68,77,100
2024/12/21,11:00:06,PM,945,1154,77,81,118
2024/12/22,12:00:06,AM,955,1154,95,86,124
2024/12/22,1:00:06,AM,0,0,105,91,129
2024/12/22,2:00:06,AM,0,0,117,94,131
2024/12/22,3:00:06,AM,1,0,126,95,140
2024/12/22,4:00:06,AM,1,0,132,96,139
2024/12/22,5:00:06,AM,1,0,136,96,142
2024/12/22,6:00:06,AM,3,0,137,96,144
2024/12/22,7:00:06,AM,4,0,137,96,148
2024/12/22,8:00:06,AM,4,0,137,96,150
2024/12/22,9:00:06,AM,25,0,133,96,147
2024/12/22,10:00:06,AM,101,0,125,94,140
2024/12/22,11:00:06,AM,193,0,109,88,132
2024/12/22,12:00:07,PM,278,0,95,86,121
2024/12/22,1:00:06,PM,410,0,79,84,108
2024/12/22,2:00:06,PM,618,0,58,73,86
2024/12/22,3:00:06,PM,788,0,48,59,72
2024/12/22,4:00:07,PM,916,0,39,54,70
2024/12/22,5:00:06,PM,1031,0,40,52,65
2024/12/22,6:00:06,PM,1141,0,33,56,66
2024/12/22,7:00:06,PM,1270,0,35,58,69
2024/12/22,8:00:07,PM,1422,0,40,57,72
2024/12/22,9:00:07,PM,1530,0,33,60,71
2024/12/22,10:00:06,PM,1600,0,43,65,74
2024/12/22,11:00:07,PM,1633,0,68,71,87
2024/12/23,12:00:06,AM,1647,0,79,82,113
2024/12/23,1:00:07,AM,0,0,84,84,121
2024/12/23,2:00:07,AM,1,0,102,88,130
2024/12/23,3:00:07,AM,2,0,107,94,137
2024/12/23,4:00:07,AM,2,0,122,94,141
2024/12/23,5:00:07,AM,3,0,123,94,141
2024/12/23,6:00:07,AM,3,0,123,94,143
2024/12/23,7:00:07,AM,3,0,124,94,144
2024/12/23,8:00:06,AM,3,1,121,94,147
2024/12/23,9:00:07,AM,56,46,116,92,140
2024/12/23,10:00:07,AM,152,144,105,87,130
2024/12/23,11:00:06,AM,300,263,90,83,118
2024/12/23,12:00:07,PM,429,355,94,80,110
2024/12/23,1:00:09,PM,614,458,102,77,111
2024/12/23,2:00:09,PM,835,613,92,80,99
2024/12/23,3:00:06,PM,1039,699,83,79,92
2024/12/23,4:00:07,PM,1306,806,63,71,83
2024/12/23,5:00:07,PM,1706,921,45,61,72
2024/12/23,6:00:06,PM,1941,1030,38,58,75
2024/12/23,7:00:06,PM,2227,1146,33,50,52
2024/12/23,8:00:06,PM,2507,1216,19,44,45
2024/12/23,9:00:07,PM,2730,1242,13,37,32
2024/12/23,10:00:07,PM,2859,1254,15,38,30
2024/12/23,11:00:06,PM,2897,1255,40,58,65
2024/12/24,12:00:08,AM,2917,1255,54,66,101
2024/12/24,1:00:07,AM,0,0,71,71,119
2024/12/24,2:00:07,AM,0,0,110,81,132
2024/12/24,3:00:07,AM,1,0,119,86,138
2024/12/24,4:00:07,AM,1,0,123,88,141
2024/12/24,5:00:07,AM,1,0,130,88,143
2024/12/24,6:00:07,AM,3,0,130,88,144
2024/12/24,7:00:07,AM,3,0,130,88,145
2024/12/24,8:00:06,AM,3,1,121,92,144
2024/12/24,9:00:07,AM,71,38,128,93,145
2024/12/24,10:00:07,AM,155,79,121,87,140
2024/12/24,11:00:07,AM,323,154,104,82,131
2024/12/24,12:00:07,PM,572,240,99,80,125
2024/12/24,1:00:07,PM,946,353,84,77,112
2024/12/24,2:00:07,PM,1283,514,71,74,89
2024/12/24,3:00:07,PM,1628,658,49,56,70
2024/12/24,4:00:07,PM,1924,742,44,58,68
2024/12/24,5:00:07,PM,2363,834,31,50,60
2024/12/24,6:00:07,PM,2604,927,41,50,62
2024/12/24,7:00:07,PM,2937,1013,31,47,60
2024/12/24,8:00:07,PM,3236,1095,30,46,49
2024/12/24,9:00:07,PM,3484,1139,28,44,49
2024/12/24,10:00:07,PM,3693,1156,19,39,35
2024/12/24,11:00:07,PM,3738,1156,36,51,57
2024/12/25,12:00:07,AM,3760,1156,60,68,84
2024/12/25,1:00:07,AM,0,0,75,74,102
2024/12/25,2:00:07,AM,0,0,97,80,116
2024/12/25,3:00:07,AM,1,0,108,80,120
2024/12/25,4:00:07,AM,1,0,113,83,128
2024/12/25,5:00:07,AM,1,0,122,83,131
2024/12/25,6:00:07,AM,3,0,122,86,132
2024/12/25,7:00:07,AM,3,0,124,85,132
2024/12/25,8:00:07,AM,4,0,116,87,141
2024/12/25,9:00:07,AM,84,65,126,89,140
2024/12/25,10:00:07,AM,202,137,120,90,140
2024/12/25,11:00:07,AM,374,201,114,87,131
2024/12/25,12:00:07,PM,600,263,105,86,120
2024/12/25,1:00:07,PM,945,386,83,83,117
2024/12/25,2:00:07,PM,1212,557,82,75,109
2024/12/25,3:00:07,PM,1492,673,72,74,89
2024/12/25,4:00:07,PM,1788,806,69,57,82
2024/12/25,5:00:07,PM,2153,910,59,56,78
2024/12/25,6:00:07,PM,2395,975,72,61,87
2024/12/25,7:00:07,PM,2676,1048,78,61,94
2024/12/25,8:00:07,PM,2936,1101,60,63,87
2024/12/25,9:00:07,PM,3151,1130,47,63,74
2024/12/25,10:00:07,PM,3371,1141,46,53,55
2024/12/25,11:00:07,PM,3419,1141,71,65,87
2024/12/26,12:00:07,AM,3436,1141,73,79,103
2024/12/26,1:00:07,AM,0,0,75,88,110
2024/12/26,2:00:07,AM,1,0,101,90,121
2024/12/26,3:00:07,AM,2,0,112,93,126
2024/12/26,4:00:07,AM,4,0,117,94,130
2024/12/26,5:00:07,AM,6,0,123,94,134
2024/12/26,6:00:07,AM,6,0,125,94,134
2024/12/26,7:00:07,AM,6,0,123,95,133
2024/12/26,8:00:07,AM,6,1,121,94,133
2024/12/26,9:00:07,AM,102,34,129,95,139
2024/12/26,10:00:07,AM,189,79,127,93,142
2024/12/26,11:00:07,AM,374,157,104,86,139
2024/12/26,12:00:07,PM,575,212,93,82,128
2024/12/26,1:00:07,PM,900,332,99,79,109
2024/12/26,2:00:07,PM,1176,501,95,75,113
2024/12/26,3:00:07,PM,1379,604,78,71,106
2024/12/26,4:00:07,PM,1601,674,80,69,99
2024/12/26,5:00:07,PM,1922,805,67,65,83
2024/12/26,6:00:07,PM,2108,932,62,68,96
2024/12/26,7:00:07,PM,2309,1094,63,76,89
2024/12/26,8:00:07,PM,2472,1188,59,73,79
2024/12/26,9:00:07,PM,2572,1226,59,68,77
2024/12/26,10:00:07,PM,2623,1232,56,70,79
2024/12/26,11:00:07,PM,2664,1232,90,83,103
2024/12/27,12:00:07,AM,2675,1232,105,88,122
2024/12/27,1:00:07,AM,0,0,105,87,129
2024/12/27,2:00:07,AM,1,0,119,89,134
2024/12/27,3:00:07,AM,2,0,126,90,141
2024/12/27,4:00:07,AM,2,0,125,93,146
2024/12/27,5:00:08,AM,3,0,127,94,145
2024/12/27,6:00:07,AM,3,0,131,96,146
2024/12/27,7:00:07,AM,3,0,130,96,145
2024/12/27,8:00:07,AM,3,0,128,95,143
2024/12/27,9:00:07,AM,64,83,136,96,145
2024/12/27,10:00:07,AM,153,161,135,94,141
2024/12/27,11:00:07,AM,273,217,120,89,137
2024/12/27,12:00:07,PM,432,293,111,89,133
2024/12/27,1:00:07,PM,666,418,111,89,136
2024/12/27,2:00:06,PM,860,527,115,89,129
2024/12/27,3:00:07,PM,1008,634,106,83,119
2024/12/27,4:00:06,PM,1173,714,103,82,117
2024/12/27,5:00:06,PM,1345,797,88,82,115
2024/12/27,6:00:06,PM,1455,875,94,81,116
2024/12/27,7:00:06,PM,1543,933,91,82,117
2024/12/27,8:00:06,PM,1620,974,87,83,115
2024/12/27,9:00:06,PM,1680,988,83,86,115
2024/12/27,10:00:07,PM,1719,992,90,86,112
2024/12/27,11:00:06,PM,1737,992,108,88,123
2024/12/28,12:00:06,AM,1743,992,122,91,136
2024/12/28,1:00:06,AM,0,0,133,93,144
2024/12/28,2:00:06,AM,1,0,138,94,147
2024/12/28,3:00:06,AM,2,0,141,94,150
2024/12/28,4:00:06,AM,3,0,141,95,151
2024/12/28,5:00:06,AM,3,0,142,96,151
2024/12/28,6:00:06,AM,3,0,143,96,151
2024/12/28,7:00:06,AM,3,0,143,96,152
2024/12/28,8:00:06,AM,3,3,145,96,151
2024/12/28,9:00:06,AM,18,61,140,94,151
2024/12/28,10:00:06,AM,66,128,134,92,145
2024/12/28,11:00:06,AM,137,248,125,89,139
2024/12/28,12:00:06,PM,187,316,120,89,137
2024/12/28,1:00:06,PM,262,416,113,88,135
2024/12/28,2:00:06,PM,350,576,105,89,129
2024/12/28,3:00:06,PM,436,681,102,86,118
2024/12/28,4:00:06,PM,498,762,87,85,111
2024/12/28,5:00:06,PM,581,833,86,84,107
2024/12/28,6:00:06,PM,643,884,87,82,112
2024/12/28,7:00:06,PM,724,964,87,84,107
2024/12/28,8:00:06,PM,815,1003,79,87,106
2024/12/28,9:00:06,PM,866,1022,78,84,110
2024/12/28,10:00:06,PM,892,1034,85,85,106
2024/12/28,11:00:06,PM,902,1034,103,90,122
2024/12/29,12:00:06,AM,914,1034,108,89,135
2024/12/29,1:00:07,AM,0,0,123,89,141
2024/12/29,2:00:07,AM,1,0,132,91,143
2024/12/29,3:00:07,AM,1,0,136,95,149
2024/12/29,4:00:07,AM,3,0,138,95,149
2024/12/29,5:00:06,AM,5,0,139,95,150
2024/12/29,6:00:07,AM,5,0,140,95,150
2024/12/29,7:00:07,AM,5,0,139,94,150
2024/12/29,8:00:07,AM,5,0,141,94,152
2024/12/29,9:00:07,AM,20,0,136,95,147
2024/12/29,10:00:07,AM,81,0,130,95,140
2024/12/29,11:00:07,AM,151,0,118,91,133
2024/12/29,12:00:07,PM,224,0,106,88,129
2024/12/29,1:00:07,PM,332,0,94,88,120
2024/12/29,2:00:06,PM,512,0,82,81,106
2024/12/29,3:00:07,PM,647,0,73,77,102
2024/12/29,4:00:06,PM,747,0,63,76,93
2024/12/29,5:00:07,PM,863,0,59,76,90
2024/12/29,6:00:07,PM,984,0,57,76,88
2024/12/29,7:00:07,PM,1097,0,58,72,95
2024/12/29,8:00:07,PM,1232,0,55,74,91
2024/12/29,9:00:07,PM,1308,0,54,75,89
2024/12/29,10:00:06,PM,1342,0,71,80,95
2024/12/29,11:00:06,PM,1360,0,91,84,108
2024/12/30,12:00:06,AM,1374,0,94,88,127
2024/12/30,1:00:06,AM,0,0,103,92,143
2024/12/30,2:00:07,AM,2,0,113,94,145
2024/12/30,3:00:07,AM,2,0,126,96,149
2024/12/30,4:00:07,AM,2,0,128,96,151
2024/12/30,5:00:07,AM,3,0,130,96,152
2024/12/30,6:00:07,AM,3,0,133,96,152
2024/12/30,7:00:07,AM,3,0,134,96,151
2024/12/30,8:00:07,AM,3,0,136,96,151
2024/12/30,9:00:07,AM,58,64,126,96,148
2024/12/30,10:00:07,AM,154,153,121,90,138
2024/12/30,11:00:07,AM,269,254,105,85,126
2024/12/30,12:00:07,PM,401,311,93,78,116
2024/12/30,1:00:07,PM,578,434,100,76,115
2024/12/30,2:00:07,PM,760,618,89,75,109
2024/12/30,3:00:07,PM,956,741,71,71,93
2024/12/30,4:00:07,PM,1153,839,67,69,90
2024/12/30,5:00:07,PM,1361,950,56,70,81
2024/12/30,6:00:07,PM,1516,1057,62,71,82
2024/12/30,7:00:07,PM,1682,1165,61,66,86
2024/12/30,8:00:07,PM,1833,1240,55,63,71
2024/12/30,9:00:07,PM,1950,1276,54,59,64
2024/12/30,10:00:07,PM,2025,1283,51,61,70
2024/12/30,11:00:07,PM,2059,1283,75,73,91
2024/12/31,12:00:07,AM,2073,1283,87,79,105
2024/12/31,1:00:07,AM,0,0,97,86,127
2024/12/31,2:00:07,AM,1,0,109,88,134
2024/12/31,3:00:07,AM,2,0,121,91,138
2024/12/31,4:00:07,AM,3,0,125,91,145
2024/12/31,5:00:07,AM,3,0,126,94,145
2024/12/31,6:00:07,AM,3,0,128,95,146
2024/12/31,7:00:07,AM,3,0,132,95,147
2024/12/31,8:00:07,AM,3,1,129,93,151
2024/12/31,9:00:07,AM,67,49,131,91,140
2024/12/31,10:00:07,AM,164,116,124,88,139
2024/12/31,11:00:07,AM,291,188,112,85,136
2024/12/31,12:00:07,PM,445,247,105,85,130
2024/12/31,1:00:08,PM,653,370,101,80,121
2024/12/31,2:00:07,PM,833,519,90,80,122
2024/12/31,3:00:07,PM,952,610,87,78,121
2024/12/31,4:00:07,PM,1066,677,90,79,115
2024/12/31,5:00:07,PM,1223,753,98,81,112
2024/12/31,6:00:07,PM,1315,795,105,81,116
2024/12/31,7:00:07,PM,1388,850,112,77,123
2024/12/31,8:00:07,PM,1451,883,112,76,115
2024/12/31,9:00:07,PM,1486,900,111,79,120
2024/12/31,10:00:07,PM,1517,904,112,80,121
2024/12/31,11:00:07,PM,1527,904,125,87,133
2025/1/1,1:00:06,AM,0,0,142,94,147
2025/1/1,2:00:06,AM,0,0,140,96,150
2025/1/1,3:00:06,AM,0,0,138,96,151
2025/1/1,4:00:06,AM,0,0,140,96,152
2025/1/1,5:00:06,AM,0,0,140,96,152
2025/1/1,6:00:06,AM,0,0,139,96,152
2025/1/1,7:00:06,AM,0,0,143,96,152
2025/1/1,8:00:06,AM,0,0,144,96,152
2025/1/1,9:00:06,AM,0,0,135,96,143
2025/1/1,10:00:06,AM,0,0,116,91,135
2025/1/1,11:00:06,AM,0,0,105,81,129
2025/1/1,12:00:06,PM,0,0,93,79,122
2025/1/1,1:00:06,PM,0,0,80,80,109
2025/1/1,2:00:06,PM,0,0,58,70,80
2025/1/1,3:00:06,PM,0,0,41,59,68
2025/1/1,4:00:06,PM,1,0,35,45,53
2025/1/1,5:00:06,PM,1,0,34,45,52
2025/1/1,6:00:06,PM,1,0,33,47,53
2025/1/1,7:00:06,PM,2,0,34,49,51
2025/1/1,8:00:06,PM,3,0,32,39,43
2025/1/1,9:00:07,PM,3,0,27,41,47
2025/1/1,10:00:07,PM,4,0,45,53,70
2025/1/1,11:00:07,PM,6,0,78,76,95
2025/1/2,12:00:06,AM,7,0,95,84,117
2025/1/2,1:00:06,AM,0,0,111,87,127
2025/1/2,2:00:06,AM,0,0,119,92,132
2025/1/2,3:00:06,AM,0,0,117,95,137
2025/1/2,4:00:06,AM,0,0,117,95,140
2025/1/2,5:00:06,AM,1,0,118,95,141
2025/1/2,6:00:06,AM,1,0,120,95,139
2025/1/2,7:00:06,AM,1,0,123,94,138
2025/1/2,8:00:06,AM,2,2,127,94,138
2025/1/2,9:00:06,AM,79,66,120,96,139
2025/1/2,10:00:06,AM,178,159,121,93,131
2025/1/2,11:00:06,AM,298,245,105,87,122
2025/1/2,12:00:06,PM,466,318,99,83,115
2025/1/2,1:00:07,PM,672,459,82,70,102
2025/1/2,2:00:06,PM,878,682,81,67,96
2025/1/2,3:00:06,PM,1069,793,69,65,94
2025/1/2,4:00:07,PM,1292,895,65,61,88
2025/1/2,5:00:06,PM,1481,1017,74,60,86
2025/1/2,7:00:06,PM,1764,1178,66,62,86
2025/1/2,8:00:07,PM,1888,1270,61,60,81
2025/1/2,9:00:07,PM,1967,1304,48,58,75
2025/1/2,10:00:07,PM,2028,1309,57,57,75
2025/1/2,11:00:06,PM,2058,1309,76,72,104
2025/1/3,12:00:06,AM,2074,1309,85,84,123
2025/1/3,1:00:06,AM,0,0,102,86,135
2025/1/3,2:00:07,AM,0,0,111,86,138
2025/1/3,3:00:07,AM,0,0,126,91,138
2025/1/3,4:00:07,AM,0,0,129,91,138
2025/1/3,5:00:07,AM,0,0,133,91,139
2025/1/3,6:00:07,AM,0,0,134,93,139
2025/1/3,7:00:07,AM,0,0,137,94,146
2025/1/3,8:00:07,AM,1,0,135,94,148
2025/1/3,9:00:07,AM,56,54,134,94,140
2025/1/3,10:00:07,AM,142,116,119,87,138
2025/1/3,11:00:06,AM,258,203,104,83,128
2025/1/3,12:00:07,PM,408,281,92,81,113
2025/1/3,1:00:07,PM,605,387,87,80,104
2025/1/3,2:00:07,PM,791,552,78,75,95
2025/1/3,3:00:07,PM,932,680,67,70,87
2025/1/3,4:00:15,PM,1089,781,63,72,82
2025/1/3,5:00:07,PM,1236,863,51,70,78
2025/1/3,6:00:07,PM,1327,919,61,67,78
2025/1/3,7:00:07,PM,1456,976,61,74,85
2025/1/3,8:00:07,PM,1584,1026,65,71,86
2025/1/3,9:00:07,PM,1645,1043,65,70,84
2025/1/3,10:00:07,PM,1698,1048,51,67,84
2025/1/3,11:00:07,PM,1706,1048,71,71,109
2025/1/4,12:00:07,AM,1714,1048,84,76,124
2025/1/4,1:00:07,AM,0,0,101,78,130
2025/1/4,2:00:07,AM,1,0,117,78,137
2025/1/4,3:00:07,AM,1,0,120,84,144
2025/1/4,4:00:07,AM,2,0,120,84,145
2025/1/4,5:00:07,AM,3,0,120,85,146
2025/1/4,6:00:07,AM,3,0,122,88,147
2025/1/4,7:00:07,AM,3,0,123,87,149
2025/1/4,8:00:07,AM,4,0,121,91,151
2025/1/4,9:00:07,AM,49,34,119,90,144
2025/1/4,10:00:07,AM,123,123,130,93,141
2025/1/4,11:00:07,AM,176,201,114,87,126
2025/1/4,12:00:07,PM,297,299,98,83,114
2025/1/4,1:00:07,PM,502,431,86,76,97
2025/1/4,2:00:07,PM,647,577,91,82,105
2025/1/4,3:00:07,PM,742,693,80,80,99
2025/1/4,4:00:07,PM,825,769,67,80,95
2025/1/4,5:00:07,PM,931,832,65,73,97
2025/1/4,6:00:07,PM,1027,895,64,78,91
2025/1/4,7:00:07,PM,1098,957,68,81,95
2025/1/4,8:00:07,PM,1177,1015,69,82,94
2025/1/4,9:00:07,PM,1236,1056,62,81,90
2025/1/4,10:00:07,PM,1266,1062,66,83,86
2025/1/4,11:00:07,PM,1279,1062,92,83,97
2025/1/5,12:00:07,AM,1285,1062,110,89,125
2025/1/5,1:00:07,AM,0,0,121,91,134
2025/1/5,2:00:07,AM,0,0,131,91,142
2025/1/5,3:00:07,AM,0,0,137,92,144
2025/1/5,4:00:07,AM,0,0,138,93,147
2025/1/5,5:00:07,AM,0,0,140,94,149
2025/1/5,6:00:07,AM,0,0,140,95,149
2025/1/5,7:00:07,AM,0,0,142,96,150
2025/1/5,8:00:07,AM,1,0,142,96,149
2025/1/5,9:00:07,AM,27,0,136,96,144
2025/1/5,10:00:07,AM,91,0,134,93,138
2025/1/5,11:00:07,AM,172,0,121,88,129
2025/1/5,12:00:07,PM,234,0,105,85,115
2025/1/5,1:00:07,PM,343,0,90,82,101
2025/1/5,2:00:07,PM,545,0,73,79,83
2025/1/5,3:00:07,PM,705,0,56,70,77
2025/1/5,4:00:07,PM,836,0,43,69,71
2025/1/5,5:00:07,PM,941,0,49,66,71
2025/1/5,6:00:07,PM,1042,0,46,69,71
2025/1/5,7:00:07,PM,1177,0,53,73,71
2025/1/5,8:00:07,PM,1319,0,57,70,71
2025/1/5,9:00:07,PM,1398,0,58,70,79
2025/1/5,10:00:07,PM,1443,0,69,76,84
2025/1/5,11:00:07,PM,1465,0,95,85,114
2025/1/6,12:00:07,AM,1469,0,99,92,126
2025/1/6,1:00:07,AM,0,0,105,93,135
2025/1/6,2:00:07,AM,0,0,114,94,139
2025/1/6,3:00:07,AM,1,0,123,93,142
2025/1/6,4:00:07,AM,1,0,125,93,145
2025/1/6,5:00:07,AM,1,0,127,94,150
2025/1/6,6:00:07,AM,2,0,129,95,150
2025/1/6,7:00:07,AM,2,0,131,95,150
2025/1/6,8:00:07,AM,2,1,129,95,150
2025/1/6,9:00:07,AM,49,55,122,93,144
2025/1/6,10:00:07,AM,129,155,114,86,133
2025/1/6,11:00:07,AM,220,269,99,77,115
2025/1/6,12:00:07,PM,314,353,89,75,101
2025/1/6,1:00:07,PM,481,478,83,70,97
2025/1/6,2:00:07,PM,676,651,76,69,89
2025/1/6,3:00:07,PM,856,793,64,69,79
2025/1/6,4:00:07,PM,1025,885,63,73,84
2025/1/6,5:00:07,PM,1164,973,57,68,76
2025/1/6,6:00:07,PM,1309,1063,58,67,78
2025/1/6,7:00:07,PM,1463,1163,60,62,78
2025/1/6,8:00:07,PM,1626,1227,63,59,80
2025/1/6,9:00:07,PM,1713,1242,54,61,74
2025/1/6,10:00:07,PM,1772,1246,54,68,70
2025/1/6,11:00:06,PM,1793,1246,72,84,90
2025/1/7,12:00:06,AM,1804,1246,87,86,111
2025/1/7,1:00:06,AM,0,0,91,91,118
2025/1/7,2:00:06,AM,1,0,98,92,125
2025/1/7,3:00:06,AM,1,0,105,92,129
2025/1/7,4:00:06,AM,1,0,111,94,136
2025/1/7,5:00:06,AM,1,0,118,94,137
2025/1/7,6:00:06,AM,1,0,118,94,141
2025/1/7,7:00:06,AM,1,0,119,94,143
2025/1/7,8:00:06,AM,4,1,117,93,142
2025/1/7,9:00:06,AM,70,63,116,92,140
2025/1/7,10:00:06,AM,164,140,119,92,137
2025/1/7,11:00:06,AM,300,216,109,85,122
2025/1/7,12:00:06,PM,456,299,90,77,109
2025/1/7,1:00:06,PM,671,413,89,75,110
2025/1/7,2:00:06,PM,889,567,86,72,104
2025/1/7,3:00:06,PM,1034,672,73,77,99
2025/1/7,4:00:06,PM,1188,782,71,75,93
2025/1/7,5:00:06,PM,1342,868,64,70,85
2025/1/7,6:00:07,PM,1464,955,67,68,87
2025/1/7,7:00:06,PM,1591,1059,71,73,88
2025/1/7,8:00:06,PM,1749,1127,62,73,88
2025/1/7,9:00:06,PM,1819,1151,65,72,80
2025/1/7,10:00:06,PM,1881,1155,69,72,87
2025/1/7,11:00:06,PM,1905,1155,89,79,105
2025/1/8,12:00:06,AM,1917,1155,96,88,124
2025/1/8,1:00:06,AM,0,0,99,89,134
2025/1/8,2:00:06,AM,1,0,101,94,144
2025/1/8,3:00:06,AM,1,0,103,94,145
2025/1/8,4:00:06,AM,1,0,112,94,146
2025/1/8,5:00:06,AM,1,0,113,94,147
2025/1/8,6:00:06,AM,1,0,116,94,147
2025/1/8,7:00:06,AM,1,0,116,93,146
2025/1/8,8:00:07,AM,2,0,116,91,143
2025/1/8,9:00:06,AM,63,44,118,95,140
2025/1/8,10:00:06,AM,125,122,126,96,135
2025/1/8,11:00:06,AM,259,198,119,89,133
2025/1/8,12:00:06,PM,382,258,104,85,127
2025/1/8,1:00:06,PM,570,382,101,84,129
2025/1/8,2:00:06,PM,776,564,84,82,119
2025/1/8,3:00:06,PM,931,653,78,82,107
2025/1/8,4:00:07,PM,1082,732,91,85,106
2025/1/8,5:00:06,PM,1211,810,88,85,100
2025/1/8,6:00:07,PM,1311,890,90,86,107
2025/1/8,7:00:06,PM,1417,965,94,86,107
2025/1/8,8:00:07,PM,1514,1026,87,84,105
2025/1/8,9:00:06,PM,1578,1048,87,84,110
2025/1/8,10:00:06,PM,1614,1049,90,83,114
2025/1/8,11:00:06,PM,1628,1049,92,89,123
2025/1/9,12:00:06,AM,1639,1049,115,92,127
2025/1/9,1:00:07,AM,0,0,118,93,136
2025/1/9,2:00:07,AM,1,0,123,92,140
2025/1/9,3:00:07,AM,1,0,129,94,143
2025/1/9,4:00:07,AM,2,0,134,92,146
2025/1/9,5:00:07,AM,2,0,135,93,146
2025/1/9,6:00:07,AM,2,0,136,93,147
2025/1/9,7:00:07,AM,2,0,133,93,146
2025/1/9,8:00:07,AM,2,1,126,93,150
2025/1/9,9:00:07,AM,61,54,124,95,147
2025/1/9,10:00:07,AM,123,106,120,92,143
2025/1/9,11:00:07,AM,218,164,109,87,136
2025/1/9,12:00:07,PM,311,210,109,87,133
2025/1/9,1:00:07,PM,465,300,100,86,127
2025/1/9,2:00:07,PM,595,442,93,85,120
2025/1/9,3:00:07,PM,724,536,87,84,115
2025/1/9,4:00:07,PM,836,605,87,86,117
2025/1/9,5:00:07,PM,958,681,87,86,115
2025/1/9,6:00:07,PM,1043,719,98,85,118
2025/1/9,7:00:07,PM,1127,796,108,85,117
2025/1/9,8:00:07,PM,1207,840,103,85,119
2025/1/9,9:00:07,PM,1252,851,104,86,118
2025/1/9,10:00:07,PM,1279,855,98,89,123
2025/1/9,11:00:07,PM,1300,855,105,93,133
2025/1/10,12:00:07,AM,1310,855,115,94,144
2025/1/10,1:00:07,AM,0,0,116,96,151
2025/1/10,2:00:07,AM,1,0,123,96,151
2025/1/10,3:00:07,AM,1,0,130,96,151
2025/1/10,4:00:07,AM,1,0,134,96,151
2025/1/10,5:00:07,AM,1,0,134,96,151
2025/1/10,6:00:07,AM,1,0,134,96,151
2025/1/10,7:00:07,AM,1,0,133,96,151
2025/1/10,8:00:07,AM,1,0,127,96,152
2025/1/10,9:00:07,AM,53,55,135,94,147
2025/1/10,10:00:07,AM,85,110,135,90,144
2025/1/10,11:00:07,AM,153,163,132,90,137
2025/1/10,12:00:07,PM,242,208,122,90,133
2025/1/10,1:00:07,PM,337,278,122,92,130
2025/1/10,2:00:07,PM,438,389,122,91,128
2025/1/10,3:00:07,PM,518,479,114,90,126
2025/1/10,4:00:07,PM,599,527,107,90,129
2025/1/10,5:00:07,PM,660,573,109,90,128
2025/1/10,6:00:07,PM,733,613,113,90,129
2025/1/10,7:00:07,PM,792,653,118,90,127
2025/1/10,8:00:07,PM,828,689,121,91,127
2025/1/10,9:00:07,PM,856,704,123,91,131
2025/1/10,10:00:07,PM,872,707,114,93,135
2025/1/10,11:00:07,PM,876,707,122,96,141
2025/1/11,12:00:07,AM,876,707,128,96,149
2025/1/11,1:00:07,AM,0,0,136,96,152
2025/1/11,2:00:07,AM,0,0,141,96,152
2025/1/11,3:00:07,AM,0,0,142,96,152
2025/1/11,4:00:07,AM,0,0,143,96,152
2025/1/11,5:00:07,AM,0,0,144,96,152
2025/1/11,6:00:07,AM,0,0,144,96,152
2025/1/11,7:00:07,AM,0,0,145,96,152
2025/1/11,8:00:07,AM,0,0,144,96,152
2025/1/11,9:00:07,AM,13,15,142,96,149
2025/1/11,10:00:07,AM,36,49,133,93,143
2025/1/11,11:00:07,AM,56,87,132,91,141
2025/1/11,12:00:07,PM,81,144,131,92,137
2025/1/11,1:00:07,PM,119,208,126,89,137
2025/1/11,2:00:07,PM,173,282,119,88,134
2025/1/11,3:00:07,PM,218,359,116,88,129
2025/1/11,4:00:07,PM,258,417,112,88,128
2025/1/11,5:00:07,PM,292,444,113,88,129
2025/1/11,6:00:07,PM,335,486,117,88,128
2025/1/11,7:00:07,PM,362,522,115,89,131
2025/1/11,8:00:07,PM,388,543,118,89,130
2025/1/11,9:00:08,PM,410,551,113,89,131
2025/1/11,10:00:07,PM,417,554,116,91,135
2025/1/11,11:00:07,PM,418,554,126,93,139
2025/1/12,12:00:07,AM,418,554,135,94,148
2025/1/12,1:00:07,AM,0,0,138,96,152
2025/1/12,2:00:07,AM,0,0,141,96,152
2025/1/12,3:00:07,AM,0,0,143,96,152
2025/1/12,4:00:06,AM,0,0,143,96,152
2025/1/12,5:00:06,AM,1,0,142,96,152
2025/1/12,6:00:06,AM,1,0,143,96,152
2025/1/12,7:00:06,AM,1,0,144,96,152
2025/1/12,8:00:06,AM,1,0,144,96,152
2025/1/12,9:00:06,AM,8,0,143,95,148
2025/1/12,10:00:06,AM,46,0,137,95,144
2025/1/12,11:00:06,AM,75,0,134,94,144
2025/1/12,12:00:06,PM,99,0,133,94,141
2025/1/12,1:00:06,PM,141,0,131,92,138
2025/1/12,2:00:06,PM,197,0,121,88,133
2025/1/12,3:00:06,PM,264,0,115,87,128
2025/1/12,4:00:07,PM,306,0,109,87,128
2025/1/12,5:00:06,PM,347,0,107,86,126
2025/1/12,6:00:06,PM,390,0,109,86,124
2025/1/12,7:00:07,PM,429,0,108,86,122
2025/1/12,8:00:06,PM,470,0,108,86,123
2025/1/12,9:00:06,PM,493,0,106,87,125
2025/1/12,10:00:07,PM,502,0,104,88,128
2025/1/12,11:00:06,PM,504,0,124,91,137
2025/1/13,12:00:07,AM,505,0,136,96,147
2025/1/13,1:00:06,AM,0,0,146,96,152
2025/1/13,2:00:07,AM,0,0,146,96,152
2025/1/13,3:00:07,AM,0,0,146,96,152
2025/1/13,4:00:07,AM,0,0,146,96,152
2025/1/13,5:00:07,AM,0,0,146,96,152
2025/1/13,6:00:07,AM,3,0,146,96,152
2025/1/13,7:00:07,AM,3,1,146,96,152
2025/1/13,8:00:06,AM,3,1,146,96,152
2025/1/13,9:00:07,AM,28,45,141,94,149
2025/1/13,10:00:07,AM,73,90,134,93,144
2025/1/13,11:00:06,AM,131,130,132,92,140
2025/1/13,12:00:06,PM,181,176,130,92,138
2025/1/13,1:00:07,PM,267,251,121,91,132
2025/1/13,2:00:07,PM,345,351,118,89,127
2025/1/13,3:00:06,PM,400,409,114,89,128
2025/1/13,4:00:07,PM,462,442,109,88,126
2025/1/13,5:00:07,PM,521,468,107,88,125
2025/1/13,6:00:06,PM,587,485,110,88,121
2025/1/13,7:00:07,PM,651,485,104,89,124
2025/1/13,8:00:07,PM,705,485,99,86,120
2025/1/13,9:00:07,PM,722,485,103,87,123
2025/1/13,10:00:06,PM,729,485,108,87,123
2025/1/13,11:00:07,PM,730,485,122,92,133
2025/1/14,12:00:07,AM,731,485,134,96,147
2025/1/14,1:00:07,AM,0,0,146,96,152
2025/1/14,2:00:07,AM,0,0,146,96,152
2025/1/14,3:00:07,AM,0,0,146,96,152
2025/1/14,4:00:07,AM,0,0,146,96,152
2025/1/14,5:00:07,AM,0,0,146,96,152
2025/1/14,6:00:07,AM,0,0,146,96,152
2025/1/14,7:00:07,AM,0,0,146,96,152
2025/1/14,8:00:07,AM,0,2,146,96,152
2025/1/14,9:00:07,AM,36,44,142,94,147
2025/1/14,10:00:07,AM,70,94,135,94,143
2025/1/14,11:00:07,AM,102,127,131,93,137
2025/1/14,12:00:07,PM,136,159,129,93,135
2025/1/14,1:00:07,PM,194,219,116,93,132
2025/1/14,2:00:07,PM,272,335,115,91,130
2025/1/14,3:00:07,PM,323,390,112,91,129
2025/1/14,4:00:07,PM,377,424,109,91,127
2025/1/14,5:00:07,PM,422,450,109,89,122
2025/1/14,6:00:07,PM,474,467,110,86,120
2025/1/14,7:00:07,PM,541,468,111,84,120
2025/1/14,8:00:07,PM,593,468,110,83,117
2025/1/14,9:00:07,PM,612,468,102,85,112
2025/1/14,10:00:07,PM,618,468,102,87,114
2025/1/14,11:00:07,PM,622,468,111,94,129
2025/1/15,12:00:07,AM,623,468,130,94,142
2025/1/15,1:00:07,AM,0,0,146,96,152
2025/1/15,2:00:07,AM,0,0,146,96,152
2025/1/15,3:00:07,AM,0,0,146,96,152
2025/1/15,4:00:07,AM,0,0,146,96,152
2025/1/15,5:00:07,AM,0,0,146,96,152
2025/1/15,6:00:07,AM,0,0,146,96,152
2025/1/15,7:00:07,AM,0,0,146,96,152
2025/1/15,8:00:07,AM,0,0,146,96,152
2025/1/15,9:00:07,AM,31,28,143,94,146
2025/1/15,10:00:07,AM,69,63,137,94,140
2025/1/15,11:00:07,AM,97,89,132,89,138
2025/1/15,12:00:08,PM,131,112,126,88,134
2025/1/15,1:00:07,PM,191,154,125,89,130
2025/1/15,2:00:07,PM,248,253,118,88,126
2025/1/15,3:00:07,PM,310,299,117,86,120
2025/1/15,4:00:07,PM,349,336,112,85,117
2025/1/15,5:00:07,PM,389,362,111,83,116
2025/1/15,6:00:07,PM,437,369,113,82,115
2025/1/15,7:00:07,PM,481,369,112,81,117